#
# TABLE STRUCTURE FOR: Canteen
#

DROP DATABASE IF EXISTS `canteen`;
CREATE DATABASE `canteen`;
USE `canteen`;


DROP TABLE IF EXISTS `Canteen`;

CREATE TABLE `Canteen` (
  `Canteen_id` int(11) DEFAULT NULL,
  `Canteen_name` text DEFAULT NULL,
  `Owner_id` int(11) DEFAULT NULL
) ENGINE=InnoDB DEFAULT CHARSET=utf8mb4;

INSERT INTO `Canteen` (`Canteen_id`, `Canteen_name`, `Owner_id`) VALUES (15, 'Schaden Highway', 132);
INSERT INTO `Canteen` (`Canteen_id`, `Canteen_name`, `Owner_id`) VALUES (4, 'Powlowski Green', 125);
INSERT INTO `Canteen` (`Canteen_id`, `Canteen_name`, `Owner_id`) VALUES (25, 'Nina Hollow', 169);
INSERT INTO `Canteen` (`Canteen_id`, `Canteen_name`, `Owner_id`) VALUES (72, 'Bartell Expressway', 168);
INSERT INTO `Canteen` (`Canteen_id`, `Canteen_name`, `Owner_id`) VALUES (16, 'Walker Knolls', 117);
INSERT INTO `Canteen` (`Canteen_id`, `Canteen_name`, `Owner_id`) VALUES (38, 'Destiny Ports', 145);
INSERT INTO `Canteen` (`Canteen_id`, `Canteen_name`, `Owner_id`) VALUES (29, 'Durward Loaf', 127);
INSERT INTO `Canteen` (`Canteen_id`, `Canteen_name`, `Owner_id`) VALUES (99, 'Mossie Turnpike', 147);
INSERT INTO `Canteen` (`Canteen_id`, `Canteen_name`, `Owner_id`) VALUES (37, 'Homenick Spur', 163);
INSERT INTO `Canteen` (`Canteen_id`, `Canteen_name`, `Owner_id`) VALUES (55, 'Cartwright Camp', 170);
INSERT INTO `Canteen` (`Canteen_id`, `Canteen_name`, `Owner_id`) VALUES (20, 'Vella Court', 176);
INSERT INTO `Canteen` (`Canteen_id`, `Canteen_name`, `Owner_id`) VALUES (63, 'Therese Greens', 185);
INSERT INTO `Canteen` (`Canteen_id`, `Canteen_name`, `Owner_id`) VALUES (50, 'Lurline Valleys', 200);
INSERT INTO `Canteen` (`Canteen_id`, `Canteen_name`, `Owner_id`) VALUES (89, 'Cora Ramp', 124);
INSERT INTO `Canteen` (`Canteen_id`, `Canteen_name`, `Owner_id`) VALUES (12, 'Murphy Park', 143);
INSERT INTO `Canteen` (`Canteen_id`, `Canteen_name`, `Owner_id`) VALUES (68, 'Arianna Well', 167);
INSERT INTO `Canteen` (`Canteen_id`, `Canteen_name`, `Owner_id`) VALUES (100, 'Kub Mission', 178);
INSERT INTO `Canteen` (`Canteen_id`, `Canteen_name`, `Owner_id`) VALUES (70, 'Ines Light', 188);
INSERT INTO `Canteen` (`Canteen_id`, `Canteen_name`, `Owner_id`) VALUES (5, 'Laney Ferry', 183);
INSERT INTO `Canteen` (`Canteen_id`, `Canteen_name`, `Owner_id`) VALUES (61, 'Winfield Dam', 138);
INSERT INTO `Canteen` (`Canteen_id`, `Canteen_name`, `Owner_id`) VALUES (54, 'Clinton Forges', 197);
INSERT INTO `Canteen` (`Canteen_id`, `Canteen_name`, `Owner_id`) VALUES (14, 'Kira Harbors', 102);
INSERT INTO `Canteen` (`Canteen_id`, `Canteen_name`, `Owner_id`) VALUES (23, 'Donnelly Parkway', 165);
INSERT INTO `Canteen` (`Canteen_id`, `Canteen_name`, `Owner_id`) VALUES (76, 'Monahan Skyway', 121);
INSERT INTO `Canteen` (`Canteen_id`, `Canteen_name`, `Owner_id`) VALUES (32, 'Terry Bridge', 142);
INSERT INTO `Canteen` (`Canteen_id`, `Canteen_name`, `Owner_id`) VALUES (49, 'Fiona Station', 191);
INSERT INTO `Canteen` (`Canteen_id`, `Canteen_name`, `Owner_id`) VALUES (77, 'Norval Center', 119);
INSERT INTO `Canteen` (`Canteen_id`, `Canteen_name`, `Owner_id`) VALUES (43, 'Willy Cliffs', 161);
INSERT INTO `Canteen` (`Canteen_id`, `Canteen_name`, `Owner_id`) VALUES (92, 'Maida Heights', 111);
INSERT INTO `Canteen` (`Canteen_id`, `Canteen_name`, `Owner_id`) VALUES (10, 'Armstrong Course', 162);
INSERT INTO `Canteen` (`Canteen_id`, `Canteen_name`, `Owner_id`) VALUES (21, 'Hodkiewicz Route', 141);
INSERT INTO `Canteen` (`Canteen_id`, `Canteen_name`, `Owner_id`) VALUES (65, 'Dietrich Lakes', 195);
INSERT INTO `Canteen` (`Canteen_id`, `Canteen_name`, `Owner_id`) VALUES (57, 'Jettie Key', 150);
INSERT INTO `Canteen` (`Canteen_id`, `Canteen_name`, `Owner_id`) VALUES (52, 'Wintheiser Track', 149);
INSERT INTO `Canteen` (`Canteen_id`, `Canteen_name`, `Owner_id`) VALUES (13, 'Frederic Forest', 180);
INSERT INTO `Canteen` (`Canteen_id`, `Canteen_name`, `Owner_id`) VALUES (1, 'Lang Gateway', 193);
INSERT INTO `Canteen` (`Canteen_id`, `Canteen_name`, `Owner_id`) VALUES (11, 'Leffler Brook', 151);
INSERT INTO `Canteen` (`Canteen_id`, `Canteen_name`, `Owner_id`) VALUES (19, 'Hyatt Village', 194);
INSERT INTO `Canteen` (`Canteen_id`, `Canteen_name`, `Owner_id`) VALUES (44, 'Schaden Gateway', 154);
INSERT INTO `Canteen` (`Canteen_id`, `Canteen_name`, `Owner_id`) VALUES (36, 'Elvie Estate', 104);
INSERT INTO `Canteen` (`Canteen_id`, `Canteen_name`, `Owner_id`) VALUES (62, 'O\'Kon Canyon', 148);
INSERT INTO `Canteen` (`Canteen_id`, `Canteen_name`, `Owner_id`) VALUES (80, 'Greenfelder Locks', 126);
INSERT INTO `Canteen` (`Canteen_id`, `Canteen_name`, `Owner_id`) VALUES (98, 'Patsy Cape', 108);
INSERT INTO `Canteen` (`Canteen_id`, `Canteen_name`, `Owner_id`) VALUES (42, 'Bridget Track', 146);
INSERT INTO `Canteen` (`Canteen_id`, `Canteen_name`, `Owner_id`) VALUES (46, 'Mayer View', 156);
INSERT INTO `Canteen` (`Canteen_id`, `Canteen_name`, `Owner_id`) VALUES (56, 'Larry Walk', 179);
INSERT INTO `Canteen` (`Canteen_id`, `Canteen_name`, `Owner_id`) VALUES (33, 'Willard Camp', 107);
INSERT INTO `Canteen` (`Canteen_id`, `Canteen_name`, `Owner_id`) VALUES (2, 'Brandon Drives', 129);
INSERT INTO `Canteen` (`Canteen_id`, `Canteen_name`, `Owner_id`) VALUES (17, 'Robel Highway', 160);
INSERT INTO `Canteen` (`Canteen_id`, `Canteen_name`, `Owner_id`) VALUES (59, 'Yoshiko Skyway', 110);
INSERT INTO `Canteen` (`Canteen_id`, `Canteen_name`, `Owner_id`) VALUES (94, 'Lilly Pine', 136);
INSERT INTO `Canteen` (`Canteen_id`, `Canteen_name`, `Owner_id`) VALUES (9, 'Langworth Village', 130);
INSERT INTO `Canteen` (`Canteen_id`, `Canteen_name`, `Owner_id`) VALUES (8, 'Mann Unions', 115);
INSERT INTO `Canteen` (`Canteen_id`, `Canteen_name`, `Owner_id`) VALUES (27, 'Cleo Mews', 112);
INSERT INTO `Canteen` (`Canteen_id`, `Canteen_name`, `Owner_id`) VALUES (87, 'Stroman Pike', 139);
INSERT INTO `Canteen` (`Canteen_id`, `Canteen_name`, `Owner_id`) VALUES (97, 'Wisoky Lakes', 174);
INSERT INTO `Canteen` (`Canteen_id`, `Canteen_name`, `Owner_id`) VALUES (69, 'Terrence Trail', 199);
INSERT INTO `Canteen` (`Canteen_id`, `Canteen_name`, `Owner_id`) VALUES (35, 'Ward Isle', 196);
INSERT INTO `Canteen` (`Canteen_id`, `Canteen_name`, `Owner_id`) VALUES (64, 'Matteo Port', 159);
INSERT INTO `Canteen` (`Canteen_id`, `Canteen_name`, `Owner_id`) VALUES (71, 'Hagenes Ferry', 166);
INSERT INTO `Canteen` (`Canteen_id`, `Canteen_name`, `Owner_id`) VALUES (78, 'O\'Reilly Spurs', 131);
INSERT INTO `Canteen` (`Canteen_id`, `Canteen_name`, `Owner_id`) VALUES (26, 'Clara Crescent', 109);
INSERT INTO `Canteen` (`Canteen_id`, `Canteen_name`, `Owner_id`) VALUES (90, 'Moen Plain', 173);
INSERT INTO `Canteen` (`Canteen_id`, `Canteen_name`, `Owner_id`) VALUES (48, 'Block Branch', 137);
INSERT INTO `Canteen` (`Canteen_id`, `Canteen_name`, `Owner_id`) VALUES (67, 'Zboncak Walk', 190);
INSERT INTO `Canteen` (`Canteen_id`, `Canteen_name`, `Owner_id`) VALUES (31, 'Langworth Mountain', 184);
INSERT INTO `Canteen` (`Canteen_id`, `Canteen_name`, `Owner_id`) VALUES (45, 'Jarod Knolls', 157);
INSERT INTO `Canteen` (`Canteen_id`, `Canteen_name`, `Owner_id`) VALUES (3, 'Deckow Mall', 172);
INSERT INTO `Canteen` (`Canteen_id`, `Canteen_name`, `Owner_id`) VALUES (81, 'Jaden Land', 118);
INSERT INTO `Canteen` (`Canteen_id`, `Canteen_name`, `Owner_id`) VALUES (28, 'Verna Canyon', 134);
INSERT INTO `Canteen` (`Canteen_id`, `Canteen_name`, `Owner_id`) VALUES (95, 'Beer Stream', 186);
INSERT INTO `Canteen` (`Canteen_id`, `Canteen_name`, `Owner_id`) VALUES (73, 'Mariane Spurs', 198);
INSERT INTO `Canteen` (`Canteen_id`, `Canteen_name`, `Owner_id`) VALUES (79, 'Lonie Point', 101);
INSERT INTO `Canteen` (`Canteen_id`, `Canteen_name`, `Owner_id`) VALUES (96, 'Austyn Villages', 177);
INSERT INTO `Canteen` (`Canteen_id`, `Canteen_name`, `Owner_id`) VALUES (40, 'Cummings Courts', 152);
INSERT INTO `Canteen` (`Canteen_id`, `Canteen_name`, `Owner_id`) VALUES (7, 'Corene Island', 116);
INSERT INTO `Canteen` (`Canteen_id`, `Canteen_name`, `Owner_id`) VALUES (22, 'Lang Square', 133);
INSERT INTO `Canteen` (`Canteen_id`, `Canteen_name`, `Owner_id`) VALUES (60, 'O\'Reilly Drive', 171);
INSERT INTO `Canteen` (`Canteen_id`, `Canteen_name`, `Owner_id`) VALUES (39, 'Harry Station', 122);
INSERT INTO `Canteen` (`Canteen_id`, `Canteen_name`, `Owner_id`) VALUES (34, 'Legros Rapids', 182);
INSERT INTO `Canteen` (`Canteen_id`, `Canteen_name`, `Owner_id`) VALUES (74, 'Janelle Pines', 106);
INSERT INTO `Canteen` (`Canteen_id`, `Canteen_name`, `Owner_id`) VALUES (75, 'Sawayn Corner', 105);
INSERT INTO `Canteen` (`Canteen_id`, `Canteen_name`, `Owner_id`) VALUES (18, 'Goyette Stream', 120);
INSERT INTO `Canteen` (`Canteen_id`, `Canteen_name`, `Owner_id`) VALUES (41, 'Thiel Shoal', 158);
INSERT INTO `Canteen` (`Canteen_id`, `Canteen_name`, `Owner_id`) VALUES (86, 'Celestine Expressway', 103);
INSERT INTO `Canteen` (`Canteen_id`, `Canteen_name`, `Owner_id`) VALUES (66, 'Grimes Mill', 181);
INSERT INTO `Canteen` (`Canteen_id`, `Canteen_name`, `Owner_id`) VALUES (30, 'Sporer Pass', 140);
INSERT INTO `Canteen` (`Canteen_id`, `Canteen_name`, `Owner_id`) VALUES (88, 'Prosacco Shoal', 113);
INSERT INTO `Canteen` (`Canteen_id`, `Canteen_name`, `Owner_id`) VALUES (85, 'Jess Heights', 135);
INSERT INTO `Canteen` (`Canteen_id`, `Canteen_name`, `Owner_id`) VALUES (82, 'Pagac Springs', 192);
INSERT INTO `Canteen` (`Canteen_id`, `Canteen_name`, `Owner_id`) VALUES (58, 'Glen Curve', 164);
INSERT INTO `Canteen` (`Canteen_id`, `Canteen_name`, `Owner_id`) VALUES (93, 'Orn Place', 153);
INSERT INTO `Canteen` (`Canteen_id`, `Canteen_name`, `Owner_id`) VALUES (24, 'Itzel Squares', 144);
INSERT INTO `Canteen` (`Canteen_id`, `Canteen_name`, `Owner_id`) VALUES (83, 'Hegmann Island', 123);
INSERT INTO `Canteen` (`Canteen_id`, `Canteen_name`, `Owner_id`) VALUES (91, 'Esta Forest', 155);
INSERT INTO `Canteen` (`Canteen_id`, `Canteen_name`, `Owner_id`) VALUES (47, 'Kiehn Unions', 189);
INSERT INTO `Canteen` (`Canteen_id`, `Canteen_name`, `Owner_id`) VALUES (6, 'Ruecker Land', 175);
INSERT INTO `Canteen` (`Canteen_id`, `Canteen_name`, `Owner_id`) VALUES (51, 'Vivienne Mountain', 114);
INSERT INTO `Canteen` (`Canteen_id`, `Canteen_name`, `Owner_id`) VALUES (84, 'Murphy Lakes', 128);
INSERT INTO `Canteen` (`Canteen_id`, `Canteen_name`, `Owner_id`) VALUES (53, 'Shirley Pines', 187);


#
# TABLE STRUCTURE FOR: Has
#

DROP TABLE IF EXISTS `Has`;

CREATE TABLE `Has` (
  `Canteen_id` int(11) DEFAULT NULL,
  `Items_id` int(11) DEFAULT NULL,
  `Has_quantity` int(11) DEFAULT NULL
) ENGINE=InnoDB DEFAULT CHARSET=utf8mb4;

INSERT INTO `Has` (`Canteen_id`, `Items_id`, `Has_quantity`) VALUES (23, 259, 36);
INSERT INTO `Has` (`Canteen_id`, `Items_id`, `Has_quantity`) VALUES (27, 208, 23);
INSERT INTO `Has` (`Canteen_id`, `Items_id`, `Has_quantity`) VALUES (41, 220, 7);
INSERT INTO `Has` (`Canteen_id`, `Items_id`, `Has_quantity`) VALUES (81, 244, 4);
INSERT INTO `Has` (`Canteen_id`, `Items_id`, `Has_quantity`) VALUES (62, 224, 48);
INSERT INTO `Has` (`Canteen_id`, `Items_id`, `Has_quantity`) VALUES (89, 229, 32);
INSERT INTO `Has` (`Canteen_id`, `Items_id`, `Has_quantity`) VALUES (24, 219, 39);
INSERT INTO `Has` (`Canteen_id`, `Items_id`, `Has_quantity`) VALUES (86, 293, 23);
INSERT INTO `Has` (`Canteen_id`, `Items_id`, `Has_quantity`) VALUES (92, 271, 7);
INSERT INTO `Has` (`Canteen_id`, `Items_id`, `Has_quantity`) VALUES (29, 248, 42);
INSERT INTO `Has` (`Canteen_id`, `Items_id`, `Has_quantity`) VALUES (38, 296, 13);
INSERT INTO `Has` (`Canteen_id`, `Items_id`, `Has_quantity`) VALUES (66, 278, 7);
INSERT INTO `Has` (`Canteen_id`, `Items_id`, `Has_quantity`) VALUES (93, 279, 25);
INSERT INTO `Has` (`Canteen_id`, `Items_id`, `Has_quantity`) VALUES (3, 275, 44);
INSERT INTO `Has` (`Canteen_id`, `Items_id`, `Has_quantity`) VALUES (55, 214, 26);
INSERT INTO `Has` (`Canteen_id`, `Items_id`, `Has_quantity`) VALUES (28, 209, 38);
INSERT INTO `Has` (`Canteen_id`, `Items_id`, `Has_quantity`) VALUES (67, 230, 24);
INSERT INTO `Has` (`Canteen_id`, `Items_id`, `Has_quantity`) VALUES (64, 204, 15);
INSERT INTO `Has` (`Canteen_id`, `Items_id`, `Has_quantity`) VALUES (60, 203, 7);
INSERT INTO `Has` (`Canteen_id`, `Items_id`, `Has_quantity`) VALUES (82, 213, 36);
INSERT INTO `Has` (`Canteen_id`, `Items_id`, `Has_quantity`) VALUES (53, 260, 10);
INSERT INTO `Has` (`Canteen_id`, `Items_id`, `Has_quantity`) VALUES (18, 274, 15);
INSERT INTO `Has` (`Canteen_id`, `Items_id`, `Has_quantity`) VALUES (52, 228, 8);
INSERT INTO `Has` (`Canteen_id`, `Items_id`, `Has_quantity`) VALUES (47, 257, 28);
INSERT INTO `Has` (`Canteen_id`, `Items_id`, `Has_quantity`) VALUES (15, 247, 10);
INSERT INTO `Has` (`Canteen_id`, `Items_id`, `Has_quantity`) VALUES (87, 280, 30);
INSERT INTO `Has` (`Canteen_id`, `Items_id`, `Has_quantity`) VALUES (72, 273, 49);
INSERT INTO `Has` (`Canteen_id`, `Items_id`, `Has_quantity`) VALUES (16, 295, 14);
INSERT INTO `Has` (`Canteen_id`, `Items_id`, `Has_quantity`) VALUES (39, 210, 34);
INSERT INTO `Has` (`Canteen_id`, `Items_id`, `Has_quantity`) VALUES (57, 288, 41);
INSERT INTO `Has` (`Canteen_id`, `Items_id`, `Has_quantity`) VALUES (43, 245, 3);
INSERT INTO `Has` (`Canteen_id`, `Items_id`, `Has_quantity`) VALUES (59, 263, 22);
INSERT INTO `Has` (`Canteen_id`, `Items_id`, `Has_quantity`) VALUES (45, 250, 21);
INSERT INTO `Has` (`Canteen_id`, `Items_id`, `Has_quantity`) VALUES (99, 217, 43);
INSERT INTO `Has` (`Canteen_id`, `Items_id`, `Has_quantity`) VALUES (74, 285, 19);
INSERT INTO `Has` (`Canteen_id`, `Items_id`, `Has_quantity`) VALUES (68, 264, 28);
INSERT INTO `Has` (`Canteen_id`, `Items_id`, `Has_quantity`) VALUES (4, 276, 5);
INSERT INTO `Has` (`Canteen_id`, `Items_id`, `Has_quantity`) VALUES (19, 265, 47);
INSERT INTO `Has` (`Canteen_id`, `Items_id`, `Has_quantity`) VALUES (79, 240, 13);
INSERT INTO `Has` (`Canteen_id`, `Items_id`, `Has_quantity`) VALUES (70, 218, 30);
INSERT INTO `Has` (`Canteen_id`, `Items_id`, `Has_quantity`) VALUES (44, 254, 29);
INSERT INTO `Has` (`Canteen_id`, `Items_id`, `Has_quantity`) VALUES (14, 300, 24);
INSERT INTO `Has` (`Canteen_id`, `Items_id`, `Has_quantity`) VALUES (90, 277, 35);
INSERT INTO `Has` (`Canteen_id`, `Items_id`, `Has_quantity`) VALUES (9, 258, 45);
INSERT INTO `Has` (`Canteen_id`, `Items_id`, `Has_quantity`) VALUES (5, 242, 50);
INSERT INTO `Has` (`Canteen_id`, `Items_id`, `Has_quantity`) VALUES (25, 236, 6);
INSERT INTO `Has` (`Canteen_id`, `Items_id`, `Has_quantity`) VALUES (100, 206, 4);
INSERT INTO `Has` (`Canteen_id`, `Items_id`, `Has_quantity`) VALUES (26, 211, 10);
INSERT INTO `Has` (`Canteen_id`, `Items_id`, `Has_quantity`) VALUES (32, 269, 48);
INSERT INTO `Has` (`Canteen_id`, `Items_id`, `Has_quantity`) VALUES (80, 234, 31);
INSERT INTO `Has` (`Canteen_id`, `Items_id`, `Has_quantity`) VALUES (88, 253, 5);
INSERT INTO `Has` (`Canteen_id`, `Items_id`, `Has_quantity`) VALUES (94, 225, 1);
INSERT INTO `Has` (`Canteen_id`, `Items_id`, `Has_quantity`) VALUES (84, 252, 47);
INSERT INTO `Has` (`Canteen_id`, `Items_id`, `Has_quantity`) VALUES (69, 222, 41);
INSERT INTO `Has` (`Canteen_id`, `Items_id`, `Has_quantity`) VALUES (33, 237, 29);
INSERT INTO `Has` (`Canteen_id`, `Items_id`, `Has_quantity`) VALUES (31, 205, 27);
INSERT INTO `Has` (`Canteen_id`, `Items_id`, `Has_quantity`) VALUES (20, 294, 46);
INSERT INTO `Has` (`Canteen_id`, `Items_id`, `Has_quantity`) VALUES (97, 290, 26);
INSERT INTO `Has` (`Canteen_id`, `Items_id`, `Has_quantity`) VALUES (17, 284, 28);
INSERT INTO `Has` (`Canteen_id`, `Items_id`, `Has_quantity`) VALUES (11, 221, 17);
INSERT INTO `Has` (`Canteen_id`, `Items_id`, `Has_quantity`) VALUES (22, 270, 33);
INSERT INTO `Has` (`Canteen_id`, `Items_id`, `Has_quantity`) VALUES (95, 201, 16);
INSERT INTO `Has` (`Canteen_id`, `Items_id`, `Has_quantity`) VALUES (35, 215, 34);
INSERT INTO `Has` (`Canteen_id`, `Items_id`, `Has_quantity`) VALUES (1, 255, 44);
INSERT INTO `Has` (`Canteen_id`, `Items_id`, `Has_quantity`) VALUES (77, 233, 17);
INSERT INTO `Has` (`Canteen_id`, `Items_id`, `Has_quantity`) VALUES (37, 266, 10);
INSERT INTO `Has` (`Canteen_id`, `Items_id`, `Has_quantity`) VALUES (78, 256, 41);
INSERT INTO `Has` (`Canteen_id`, `Items_id`, `Has_quantity`) VALUES (34, 235, 41);
INSERT INTO `Has` (`Canteen_id`, `Items_id`, `Has_quantity`) VALUES (21, 239, 21);
INSERT INTO `Has` (`Canteen_id`, `Items_id`, `Has_quantity`) VALUES (56, 268, 48);
INSERT INTO `Has` (`Canteen_id`, `Items_id`, `Has_quantity`) VALUES (96, 251, 43);
INSERT INTO `Has` (`Canteen_id`, `Items_id`, `Has_quantity`) VALUES (91, 262, 5);
INSERT INTO `Has` (`Canteen_id`, `Items_id`, `Has_quantity`) VALUES (40, 261, 47);
INSERT INTO `Has` (`Canteen_id`, `Items_id`, `Has_quantity`) VALUES (49, 272, 48);
INSERT INTO `Has` (`Canteen_id`, `Items_id`, `Has_quantity`) VALUES (42, 223, 45);
INSERT INTO `Has` (`Canteen_id`, `Items_id`, `Has_quantity`) VALUES (73, 297, 12);
INSERT INTO `Has` (`Canteen_id`, `Items_id`, `Has_quantity`) VALUES (76, 286, 30);
INSERT INTO `Has` (`Canteen_id`, `Items_id`, `Has_quantity`) VALUES (65, 202, 41);
INSERT INTO `Has` (`Canteen_id`, `Items_id`, `Has_quantity`) VALUES (98, 299, 5);
INSERT INTO `Has` (`Canteen_id`, `Items_id`, `Has_quantity`) VALUES (61, 281, 49);
INSERT INTO `Has` (`Canteen_id`, `Items_id`, `Has_quantity`) VALUES (50, 287, 31);
INSERT INTO `Has` (`Canteen_id`, `Items_id`, `Has_quantity`) VALUES (46, 267, 32);
INSERT INTO `Has` (`Canteen_id`, `Items_id`, `Has_quantity`) VALUES (36, 238, 10);
INSERT INTO `Has` (`Canteen_id`, `Items_id`, `Has_quantity`) VALUES (7, 207, 2);
INSERT INTO `Has` (`Canteen_id`, `Items_id`, `Has_quantity`) VALUES (63, 227, 9);
INSERT INTO `Has` (`Canteen_id`, `Items_id`, `Has_quantity`) VALUES (10, 216, 19);
INSERT INTO `Has` (`Canteen_id`, `Items_id`, `Has_quantity`) VALUES (51, 231, 27);
INSERT INTO `Has` (`Canteen_id`, `Items_id`, `Has_quantity`) VALUES (54, 232, 24);
INSERT INTO `Has` (`Canteen_id`, `Items_id`, `Has_quantity`) VALUES (8, 249, 3);
INSERT INTO `Has` (`Canteen_id`, `Items_id`, `Has_quantity`) VALUES (71, 246, 33);
INSERT INTO `Has` (`Canteen_id`, `Items_id`, `Has_quantity`) VALUES (12, 283, 16);
INSERT INTO `Has` (`Canteen_id`, `Items_id`, `Has_quantity`) VALUES (58, 282, 6);
INSERT INTO `Has` (`Canteen_id`, `Items_id`, `Has_quantity`) VALUES (83, 291, 8);
INSERT INTO `Has` (`Canteen_id`, `Items_id`, `Has_quantity`) VALUES (85, 226, 12);
INSERT INTO `Has` (`Canteen_id`, `Items_id`, `Has_quantity`) VALUES (13, 212, 13);
INSERT INTO `Has` (`Canteen_id`, `Items_id`, `Has_quantity`) VALUES (75, 243, 34);
INSERT INTO `Has` (`Canteen_id`, `Items_id`, `Has_quantity`) VALUES (30, 292, 48);
INSERT INTO `Has` (`Canteen_id`, `Items_id`, `Has_quantity`) VALUES (2, 289, 46);
INSERT INTO `Has` (`Canteen_id`, `Items_id`, `Has_quantity`) VALUES (48, 241, 29);
INSERT INTO `Has` (`Canteen_id`, `Items_id`, `Has_quantity`) VALUES (6, 298, 42);


#
# TABLE STRUCTURE FOR: Items
#

DROP TABLE IF EXISTS `Items`;

CREATE TABLE `Items` (
  `Items_id` int(11) DEFAULT NULL,
  `Items_name` text DEFAULT NULL,
  `Ingredients` text DEFAULT NULL,
  `Image` text DEFAULT NULL,
  `Description` text DEFAULT NULL,
  `Item_type` text DEFAULT NULL,
  `Price` decimal(10,0) DEFAULT NULL
) ENGINE=InnoDB DEFAULT CHARSET=utf8mb4;

INSERT INTO `Items` (`Items_id`, `Items_name`, `Ingredients`, `Image`, `Description`, `Item_type`, `Price`) VALUES (227, 'Bud Prairie', 'Sed explicabo fuga velit neque.', 'http://lorempixel.com/50/50/', 'Lory, with a little faster?\" said a whiting to a shriek, \'and just as usual. \'Come, there\'s no meaning in it,\' but none of my life.\' \'You are old, Father William,\' the young Crab, a little worried..', 'Mayer-Stanton', '51');
INSERT INTO `Items` (`Items_id`, `Items_name`, `Ingredients`, `Image`, `Description`, `Item_type`, `Price`) VALUES (224, 'Halvorson Mills', 'Nesciunt quo magnam labore alias.', 'http://lorempixel.com/50/50/', 'The first witness was the first to break the silence. \'What day of the cupboards as she could. \'The game\'s going on shrinking rapidly: she soon made out that one of the words \'DRINK ME\' beautifully.', 'Fadel PLC', '75');
INSERT INTO `Items` (`Items_id`, `Items_name`, `Ingredients`, `Image`, `Description`, `Item_type`, `Price`) VALUES (251, 'Nico Views', 'Autem et voluptate aut sed fugit cumque.', 'http://lorempixel.com/50/50/', 'Game, or any other dish? Who would not stoop? Soup of the bill, \"French, music, AND WASHING--extra.\"\' \'You couldn\'t have done that?\' she thought. \'I must be kind to them,\' thought Alice, \'it\'ll.', 'Zieme, Nienow and Ritchie', '47');
INSERT INTO `Items` (`Items_id`, `Items_name`, `Ingredients`, `Image`, `Description`, `Item_type`, `Price`) VALUES (248, 'Hansen Ridges', 'Ut delectus provident ea occaecati aut commodi.', 'http://lorempixel.com/50/50/', 'His voice has a timid voice at her for a little pattering of feet on the glass table as before, \'It\'s all about it!\' and he hurried off. Alice thought this a good character, But said I could say if.', 'Rodriguez LLC', '90');
INSERT INTO `Items` (`Items_id`, `Items_name`, `Ingredients`, `Image`, `Description`, `Item_type`, `Price`) VALUES (203, 'Aurore Via', 'Dolorem necessitatibus id et non ducimus sint.', 'http://lorempixel.com/50/50/', 'I believe.\' \'Boots and shoes under the door; so either way I\'ll get into the garden at once; but, alas for poor Alice! when she turned the corner, but the Dodo had paused as if she was walking by.', 'Lindgren PLC', '59');
INSERT INTO `Items` (`Items_id`, `Items_name`, `Ingredients`, `Image`, `Description`, `Item_type`, `Price`) VALUES (231, 'Ana Mills', 'Accusamus eligendi esse rerum at nobis.', 'http://lorempixel.com/50/50/', 'Take your choice!\' The Duchess took her choice, and was coming to, but it just at first, perhaps,\' said the Lory. Alice replied thoughtfully. \'They have their tails in their paws. \'And how did you.', 'Dickinson LLC', '13');
INSERT INTO `Items` (`Items_id`, `Items_name`, `Ingredients`, `Image`, `Description`, `Item_type`, `Price`) VALUES (300, 'Blake Ridges', 'Repellat et qui aspernatur voluptates quisquam.', 'http://lorempixel.com/50/50/', 'Alice said very humbly; \'I won\'t indeed!\' said the Caterpillar angrily, rearing itself upright as it lasted.) \'Then the words have got into the sky all the rest of my life.\' \'You are old,\' said the.', 'Davis-Collins', '36');
INSERT INTO `Items` (`Items_id`, `Items_name`, `Ingredients`, `Image`, `Description`, `Item_type`, `Price`) VALUES (253, 'Dawson Fields', 'Nam occaecati maxime eius corporis quas pariatur.', 'http://lorempixel.com/50/50/', 'VERY deeply with a sudden leap out of this ointment--one shilling the box-- Allow me to introduce some other subject of conversation. \'Are you--are you fond--of--of dogs?\' The Mouse did not sneeze,.', 'Crona, Klocko and Nolan', '42');
INSERT INTO `Items` (`Items_id`, `Items_name`, `Ingredients`, `Image`, `Description`, `Item_type`, `Price`) VALUES (261, 'Rowe Lodge', 'Ad occaecati esse tenetur nihil aut suscipit facere.', 'http://lorempixel.com/50/50/', 'I wonder?\' As she said to the Knave \'Turn them over!\' The Knave of Hearts, who only bowed and smiled in reply. \'That\'s right!\' shouted the Queen. An invitation from the time at the end of the other.', 'Baumbach-Orn', '22');
INSERT INTO `Items` (`Items_id`, `Items_name`, `Ingredients`, `Image`, `Description`, `Item_type`, `Price`) VALUES (284, 'Sigurd Ranch', 'Ab dolore repellat quis.', 'http://lorempixel.com/50/50/', 'Rabbit actually TOOK A WATCH OUT OF ITS WAISTCOAT-POCKET, and looked anxiously at the bottom of a dance is it?\' \'Why,\' said the Caterpillar. \'Not QUITE right, I\'m afraid,\' said Alice, who was.', 'Padberg-Hegmann', '12');
INSERT INTO `Items` (`Items_id`, `Items_name`, `Ingredients`, `Image`, `Description`, `Item_type`, `Price`) VALUES (257, 'Letitia Ferry', 'Et rerum et quo sed harum ab sunt beatae.', 'http://lorempixel.com/50/50/', 'YOU must cross-examine THIS witness.\' \'Well, if I might venture to ask the question?\' said the March Hare went \'Sh! sh!\' and the poor little thing was to eat her up in a court of justice before, but.', 'Schmeler, Feest and Wolf', '44');
INSERT INTO `Items` (`Items_id`, `Items_name`, `Ingredients`, `Image`, `Description`, `Item_type`, `Price`) VALUES (244, 'Kailee Route', 'Quis eum consequatur alias aut totam.', 'http://lorempixel.com/50/50/', 'Alice thought), and it was neither more nor less than a rat-hole: she knelt down and saying \"Come up again, dear!\" I shall fall right THROUGH the earth! How funny it\'ll seem to dry me at home! Why,.', 'Kiehn LLC', '39');
INSERT INTO `Items` (`Items_id`, `Items_name`, `Ingredients`, `Image`, `Description`, `Item_type`, `Price`) VALUES (289, 'Alene Ridges', 'Pariatur quas iste ex laudantium.', 'http://lorempixel.com/50/50/', 'I know is, something comes at me like that!\' By this time the Queen of Hearts, and I had to leave it behind?\' She said it to speak good English); \'now I\'m opening out like the look of the baby?\'.', 'Wolf Ltd', '51');
INSERT INTO `Items` (`Items_id`, `Items_name`, `Ingredients`, `Image`, `Description`, `Item_type`, `Price`) VALUES (275, 'Reichel Parkway', 'Rem consequatur quo ab quia.', 'http://lorempixel.com/50/50/', 'I can\'t quite follow it as you might knock, and I shall have to ask the question?\' said the Cat, and vanished again. Alice waited patiently until it chose to speak first, \'why your cat grins like.', 'Hayes, Yost and Towne', '69');
INSERT INTO `Items` (`Items_id`, `Items_name`, `Ingredients`, `Image`, `Description`, `Item_type`, `Price`) VALUES (278, 'Powlowski Union', 'Molestiae dolorum at excepturi vel distinctio autem.', 'http://lorempixel.com/50/50/', 'Alice waited patiently until it chose to speak first, \'why your cat grins like that?\' \'It\'s a pun!\' the King said to herself. \'I dare say you never to lose YOUR temper!\' \'Hold your tongue!\' added.', 'Altenwerth-Lemke', '30');
INSERT INTO `Items` (`Items_id`, `Items_name`, `Ingredients`, `Image`, `Description`, `Item_type`, `Price`) VALUES (286, 'Ulises Port', 'Molestiae error saepe odio enim autem.', 'http://lorempixel.com/50/50/', 'If I or she fell past it. \'Well!\' thought Alice to herself, being rather proud of it: for she felt that she remained the same thing as \"I sleep when I get it home?\' when it saw mine coming!\' \'How do.', 'Altenwerth Inc', '34');
INSERT INTO `Items` (`Items_id`, `Items_name`, `Ingredients`, `Image`, `Description`, `Item_type`, `Price`) VALUES (201, 'Schroeder Prairie', 'Cupiditate perspiciatis aliquid neque qui rerum.', 'http://lorempixel.com/50/50/', 'He was an old Crab took the hookah out of breath, and till the eyes appeared, and then the puppy began a series of short charges at the other guinea-pig cheered, and was suppressed. \'Come, that.', 'Reinger, Bechtelar and Larkin', '97');
INSERT INTO `Items` (`Items_id`, `Items_name`, `Ingredients`, `Image`, `Description`, `Item_type`, `Price`) VALUES (287, 'Hortense Point', 'Mollitia vel vitae libero.', 'http://lorempixel.com/50/50/', 'It did so indeed, and much sooner than she had found her head made her look up in a sulky tone, as it went. So she began looking at them with large round eyes, and half believed herself in a natural.', 'Hartmann Group', '74');
INSERT INTO `Items` (`Items_id`, `Items_name`, `Ingredients`, `Image`, `Description`, `Item_type`, `Price`) VALUES (263, 'Lockman Springs', 'Cupiditate sed non doloribus odio.', 'http://lorempixel.com/50/50/', 'I\'ll look first,\' she said, as politely as she went on just as usual. \'Come, there\'s no use going back to finish his story. CHAPTER IV. The Rabbit Sends in a hurry: a large one, but the Dormouse.', 'Baumbach Ltd', '87');
INSERT INTO `Items` (`Items_id`, `Items_name`, `Ingredients`, `Image`, `Description`, `Item_type`, `Price`) VALUES (216, 'Denesik Field', 'Omnis et sunt et minima repellendus eum rerum.', 'http://lorempixel.com/50/50/', 'She pitied him deeply. \'What is it?\' he said, turning to the voice of the singers in the chimney as she left her, leaning her head made her look up in spite of all this time, and was coming to, but.', 'Kuvalis, Ebert and Kemmer', '27');
INSERT INTO `Items` (`Items_id`, `Items_name`, `Ingredients`, `Image`, `Description`, `Item_type`, `Price`) VALUES (228, 'Batz Tunnel', 'Officiis molestiae nisi quam dolorem voluptas et error.', 'http://lorempixel.com/50/50/', 'I needn\'t be so kind,\' Alice replied, rather shyly, \'I--I hardly know, sir, just at first, the two creatures got so much already, that it might not escape again, and all of you, and must know.', 'Powlowski and Sons', '86');
INSERT INTO `Items` (`Items_id`, `Items_name`, `Ingredients`, `Image`, `Description`, `Item_type`, `Price`) VALUES (276, 'Lakin Ways', 'Tempora totam consequatur soluta eveniet.', 'http://lorempixel.com/50/50/', 'Dodo suddenly called out \'The race is over!\' and they lived at the great hall, with the name \'W. RABBIT\' engraved upon it. She felt very curious to see its meaning. \'And just as the game was going.', 'Corkery-Sawayn', '23');
INSERT INTO `Items` (`Items_id`, `Items_name`, `Ingredients`, `Image`, `Description`, `Item_type`, `Price`) VALUES (243, 'Wuckert Gateway', 'Aut ea sequi rerum.', 'http://lorempixel.com/50/50/', 'And with that she was surprised to find that she was walking by the time at the corners: next the ten courtiers; these were all talking at once, with a knife, it usually bleeds; and she hurried out.', 'Collins, Conn and Heaney', '42');
INSERT INTO `Items` (`Items_id`, `Items_name`, `Ingredients`, `Image`, `Description`, `Item_type`, `Price`) VALUES (247, 'Rempel Trail', 'Velit ut est aliquam delectus unde officiis.', 'http://lorempixel.com/50/50/', 'Alice. \'I mean what I get\" is the capital of Rome, and Rome--no, THAT\'S all wrong, I\'m certain! I must have been ill.\' \'So they were,\' said the Gryphon, \'you first form into a conversation. \'You.', 'Bednar, Moen and Harris', '97');
INSERT INTO `Items` (`Items_id`, `Items_name`, `Ingredients`, `Image`, `Description`, `Item_type`, `Price`) VALUES (267, 'Orn Springs', 'Corporis iste dicta ut nam.', 'http://lorempixel.com/50/50/', 'I\'ll have you executed on the back. However, it was good manners for her neck kept getting entangled among the people that walk with their hands and feet at once, with a sigh: \'it\'s always tea-time,.', 'Franecki Group', '10');
INSERT INTO `Items` (`Items_id`, `Items_name`, `Ingredients`, `Image`, `Description`, `Item_type`, `Price`) VALUES (277, 'Torey Green', 'Voluptas est et occaecati reiciendis.', 'http://lorempixel.com/50/50/', 'Bill, I fancy--Who\'s to go and take it away!\' There was a little house in it a bit, if you like!\' the Duchess asked, with another hedgehog, which seemed to have wondered at this, that she looked up,.', 'Willms PLC', '79');
INSERT INTO `Items` (`Items_id`, `Items_name`, `Ingredients`, `Image`, `Description`, `Item_type`, `Price`) VALUES (255, 'Ward Knolls', 'Corrupti sint id voluptas vel rerum amet.', 'http://lorempixel.com/50/50/', 'Take your choice!\' The Duchess took her choice, and was gone across to the game. CHAPTER IX. The Mock Turtle\'s heavy sobs. Lastly, she pictured to herself \'It\'s the first figure!\' said the Dormouse;.', 'Price-McCullough', '15');
INSERT INTO `Items` (`Items_id`, `Items_name`, `Ingredients`, `Image`, `Description`, `Item_type`, `Price`) VALUES (230, 'Maggio Extension', 'Id qui sed repellat voluptate.', 'http://lorempixel.com/50/50/', 'Dinah, tell me the truth: did you call him Tortoise, if he wasn\'t going to shrink any further: she felt that there ought! And when I learn music.\' \'Ah! that accounts for it,\' said the cook. The King.', 'Hessel Group', '78');
INSERT INTO `Items` (`Items_id`, `Items_name`, `Ingredients`, `Image`, `Description`, `Item_type`, `Price`) VALUES (206, 'Verona Square', 'Deserunt ducimus quaerat ipsum excepturi maxime ducimus eos.', 'http://lorempixel.com/50/50/', 'I shall remember it in large letters. It was so full of smoke from one end to the porpoise, \"Keep back, please: we don\'t want YOU with us!\"\' \'They were obliged to write with one of the jurymen. \'It.', 'Borer, Wiegand and Schmitt', '75');
INSERT INTO `Items` (`Items_id`, `Items_name`, `Ingredients`, `Image`, `Description`, `Item_type`, `Price`) VALUES (218, 'Leannon Land', 'Qui illum ut libero.', 'http://lorempixel.com/50/50/', 'March.\' As she said this, she came upon a low voice. \'Not at all,\' said the Caterpillar. \'Well, perhaps your feelings may be different,\' said Alice; \'all I know is, it would feel very queer.', 'Koepp-Olson', '94');
INSERT INTO `Items` (`Items_id`, `Items_name`, `Ingredients`, `Image`, `Description`, `Item_type`, `Price`) VALUES (295, 'Eugenia Drives', 'Doloribus hic repellat veritatis aut facilis facere dolores.', 'http://lorempixel.com/50/50/', 'It was so full of smoke from one minute to another! However, I\'ve got to the Queen. \'Well, I hardly know--No more, thank ye; I\'m better now--but I\'m a hatter.\' Here the Dormouse shall!\' they both.', 'Kulas-Berge', '49');
INSERT INTO `Items` (`Items_id`, `Items_name`, `Ingredients`, `Image`, `Description`, `Item_type`, `Price`) VALUES (280, 'Lubowitz Burg', 'Quia sed debitis repellat itaque quis exercitationem aut.', 'http://lorempixel.com/50/50/', 'I can\'t be Mabel, for I know all the time she saw them, they were gardeners, or soldiers, or courtiers, or three of the table. \'Have some wine,\' the March Hare moved into the court, she said to.', 'Donnelly, Hoppe and Kutch', '19');
INSERT INTO `Items` (`Items_id`, `Items_name`, `Ingredients`, `Image`, `Description`, `Item_type`, `Price`) VALUES (213, 'Koepp Inlet', 'Repellat qui reiciendis quas eum fuga vitae deserunt libero.', 'http://lorempixel.com/50/50/', 'Bill! catch hold of it; so, after hunting all about it!\' Last came a little of her childhood: and how she would keep, through all her fancy, that: they never executes nobody, you know. Come on!\' So.', 'Kuhic-Turcotte', '49');
INSERT INTO `Items` (`Items_id`, `Items_name`, `Ingredients`, `Image`, `Description`, `Item_type`, `Price`) VALUES (254, 'Conn Forks', 'Ipsa est eos et dolorem vero.', 'http://lorempixel.com/50/50/', 'The Mouse did not seem to dry me at home! Why, I haven\'t had a large piece out of breath, and said \'That\'s very curious.\' \'It\'s all about for a long way back, and see what the moral of THAT.', 'Boyer, Lindgren and Kunde', '73');
INSERT INTO `Items` (`Items_id`, `Items_name`, `Ingredients`, `Image`, `Description`, `Item_type`, `Price`) VALUES (296, 'Botsford Motorway', 'Eaque magnam autem soluta quia omnis alias repellat.', 'http://lorempixel.com/50/50/', 'Alice, \'I\'ve often seen a cat without a moment\'s delay would cost them their lives. All the time at the mouth with strings: into this they slipped the guinea-pig, head first, and then said, \'It was.', 'Becker Inc', '20');
INSERT INTO `Items` (`Items_id`, `Items_name`, `Ingredients`, `Image`, `Description`, `Item_type`, `Price`) VALUES (299, 'Marquardt Manor', 'Id aut magni amet beatae.', 'http://lorempixel.com/50/50/', 'Alice thought she might as well go in ringlets at all; and I\'m sure I don\'t care which happens!\' She ate a little feeble, squeaking voice, (\'That\'s Bill,\' thought Alice,) \'Well, I hardly know--No.', 'Fisher Inc', '32');
INSERT INTO `Items` (`Items_id`, `Items_name`, `Ingredients`, `Image`, `Description`, `Item_type`, `Price`) VALUES (223, 'Keara Stravenue', 'Eum iste velit illo repellat expedita nobis consequatur.', 'http://lorempixel.com/50/50/', 'Alice did not dare to laugh; and, as the rest waited in silence. At last the Mouse, who was beginning to get out again. That\'s all.\' \'Thank you,\' said the Gryphon, \'you first form into a pig,\' Alice.', 'Stoltenberg, Gerhold and Boehm', '61');
INSERT INTO `Items` (`Items_id`, `Items_name`, `Ingredients`, `Image`, `Description`, `Item_type`, `Price`) VALUES (233, 'Aletha Ridge', 'Exercitationem eaque sed hic esse perspiciatis qui quibusdam ut.', 'http://lorempixel.com/50/50/', 'Alice remarked. \'Oh, you can\'t help it,\' said the Gryphon, \'you first form into a butterfly, I should think it would be QUITE as much use in the house, and the sounds will take care of the jury had.', 'Crooks, Conn and Hansen', '76');
INSERT INTO `Items` (`Items_id`, `Items_name`, `Ingredients`, `Image`, `Description`, `Item_type`, `Price`) VALUES (274, 'Wilma Ridge', 'Ut eius quo quo illum suscipit ea deleniti consequatur.', 'http://lorempixel.com/50/50/', 'YOUR shoes done with?\' said the Eaglet. \'I don\'t think--\' \'Then you shouldn\'t talk,\' said the Mouse, who was reading the list of the table, but it puzzled her too much, so she helped herself to.', 'Terry-Tremblay', '92');
INSERT INTO `Items` (`Items_id`, `Items_name`, `Ingredients`, `Image`, `Description`, `Item_type`, `Price`) VALUES (226, 'Auer Glen', 'Nobis qui alias magni quod ducimus omnis ratione.', 'http://lorempixel.com/50/50/', 'I am, sir,\' said Alice; \'I must be shutting up like a frog; and both the hedgehogs were out of court! Suppress him! Pinch him! Off with his tea spoon at the bottom of a well--\' \'What did they live.', 'McKenzie-Feeney', '48');
INSERT INTO `Items` (`Items_id`, `Items_name`, `Ingredients`, `Image`, `Description`, `Item_type`, `Price`) VALUES (229, 'Novella Estates', 'Esse alias hic id.', 'http://lorempixel.com/50/50/', 'For some minutes the whole cause, and condemn you to set them free, Exactly as we needn\'t try to find her way into that beautiful garden--how IS that to be two people! Why, there\'s hardly room for.', 'Rice, Christiansen and Abshire', '44');
INSERT INTO `Items` (`Items_id`, `Items_name`, `Ingredients`, `Image`, `Description`, `Item_type`, `Price`) VALUES (207, 'Mills Shore', 'Eaque ipsum aut officia odit ut.', 'http://lorempixel.com/50/50/', 'I\'m NOT a serpent, I tell you!\' said Alice. \'I\'m a--I\'m a--\' \'Well! WHAT are you?\' said Alice, and her eyes immediately met those of a book,\' thought Alice to herself. \'Of the mushroom,\' said the.', 'Boehm, Mueller and Kutch', '84');
INSERT INTO `Items` (`Items_id`, `Items_name`, `Ingredients`, `Image`, `Description`, `Item_type`, `Price`) VALUES (262, 'Beatty Shoal', 'Omnis nihil magnam et occaecati quis tempore autem.', 'http://lorempixel.com/50/50/', 'QUEEN OF HEARTS. Alice was only a mouse that had made out the words: \'Where\'s the other two were using it as a partner!\' cried the Mouse, sharply and very nearly getting up and bawled out, \"He\'s.', 'Tremblay-Hackett', '60');
INSERT INTO `Items` (`Items_id`, `Items_name`, `Ingredients`, `Image`, `Description`, `Item_type`, `Price`) VALUES (239, 'Chanelle Parks', 'Molestias iusto sunt illum voluptas nisi.', 'http://lorempixel.com/50/50/', 'TWO little shrieks, and more faintly came, carried on the floor: in another moment down went Alice like the three gardeners, oblong and flat, with their heads downward! The Antipathies, I think--\'.', 'Swaniawski, Jacobi and Kris', '81');
INSERT INTO `Items` (`Items_id`, `Items_name`, `Ingredients`, `Image`, `Description`, `Item_type`, `Price`) VALUES (220, 'Keeling Pines', 'Fugit alias dolorum vitae enim rerum deserunt.', 'http://lorempixel.com/50/50/', 'Very soon the Rabbit hastily interrupted. \'There\'s a great deal of thought, and it put more simply--\"Never imagine yourself not to make personal remarks,\' Alice said to the Gryphon. \'They can\'t have.', 'Abshire-Nicolas', '80');
INSERT INTO `Items` (`Items_id`, `Items_name`, `Ingredients`, `Image`, `Description`, `Item_type`, `Price`) VALUES (219, 'Mauricio Points', 'Facere alias incidunt ut autem et voluptatem non.', 'http://lorempixel.com/50/50/', 'Mock Turtle, and said \'That\'s very curious!\' she thought. \'But everything\'s curious today. I think it so yet,\' said the King; \'and don\'t be particular--Here, Bill! catch hold of its little eyes, but.', 'O\'Kon and Sons', '76');
INSERT INTO `Items` (`Items_id`, `Items_name`, `Ingredients`, `Image`, `Description`, `Item_type`, `Price`) VALUES (238, 'Ludie Place', 'Explicabo dolorem fuga quis illo rerum quidem enim voluptates.', 'http://lorempixel.com/50/50/', 'I should understand that better,\' Alice said with some surprise that the Mouse in the pool a little more conversation with her head!\' Alice glanced rather anxiously at the end.\' \'If you do. I\'ll set.', 'Koepp-Lubowitz', '32');
INSERT INTO `Items` (`Items_id`, `Items_name`, `Ingredients`, `Image`, `Description`, `Item_type`, `Price`) VALUES (265, 'Rosario Port', 'Magni numquam voluptatibus velit et sint et et.', 'http://lorempixel.com/50/50/', 'Duchess was VERY ugly; and secondly, because they\'re making such a long silence after this, and she crossed her hands on her lap as if nothing had happened. \'How am I to get in?\' asked Alice again,.', 'Volkman Inc', '97');
INSERT INTO `Items` (`Items_id`, `Items_name`, `Ingredients`, `Image`, `Description`, `Item_type`, `Price`) VALUES (225, 'Effertz Stream', 'Labore aliquam commodi nemo accusamus vel et.', 'http://lorempixel.com/50/50/', 'EVEN finish, if he wasn\'t going to begin lessons: you\'d only have to beat time when I breathe\"!\' \'It IS a Caucus-race?\' said Alice; \'I daresay it\'s a set of verses.\' \'Are they in the chimney as she.', 'Kemmer-Becker', '24');
INSERT INTO `Items` (`Items_id`, `Items_name`, `Ingredients`, `Image`, `Description`, `Item_type`, `Price`) VALUES (237, 'Schaefer Shores', 'Veniam magnam repellendus aliquid aut necessitatibus suscipit.', 'http://lorempixel.com/50/50/', 'Dormouse!\' And they pinched it on both sides of it, and yet it was only a child!\' The Queen smiled and passed on. \'Who ARE you doing out here? Run home this moment, and fetch me a pair of boots.', 'Erdman LLC', '33');
INSERT INTO `Items` (`Items_id`, `Items_name`, `Ingredients`, `Image`, `Description`, `Item_type`, `Price`) VALUES (205, 'Schmeler Estates', 'Qui qui molestias aperiam deserunt.', 'http://lorempixel.com/50/50/', 'I hadn\'t quite finished my tea when I breathe\"!\' \'It IS a long and a sad tale!\' said the Queen. \'Can you play croquet?\' The soldiers were always getting up and ran till she was dozing off, and Alice.', 'Barrows LLC', '88');
INSERT INTO `Items` (`Items_id`, `Items_name`, `Ingredients`, `Image`, `Description`, `Item_type`, `Price`) VALUES (222, 'Carolyn Gateway', 'Nobis quis quas autem rerum eligendi omnis magnam.', 'http://lorempixel.com/50/50/', 'Caterpillar seemed to have been changed for Mabel! I\'ll try if I know I do!\' said Alice sharply, for she had never been so much frightened to say which), and they lived at the door-- Pray, what is.', 'Russel Inc', '77');
INSERT INTO `Items` (`Items_id`, `Items_name`, `Ingredients`, `Image`, `Description`, `Item_type`, `Price`) VALUES (269, 'Karina Causeway', 'Delectus non amet quo vitae.', 'http://lorempixel.com/50/50/', 'Alice ventured to remark. \'Tut, tut, child!\' said the Hatter. He had been jumping about like that!\' He got behind Alice as it didn\'t much matter which way she put her hand again, and the whole pack.', 'Schultz Inc', '91');
INSERT INTO `Items` (`Items_id`, `Items_name`, `Ingredients`, `Image`, `Description`, `Item_type`, `Price`) VALUES (256, 'Carole Mountain', 'Et velit nemo non nobis quas.', 'http://lorempixel.com/50/50/', 'I\'ll just see what was on the hearth and grinning from ear to ear. \'Please would you like to hear her try and say \"Who am I to get in?\' asked Alice again, for really I\'m quite tired and out of the.', 'Fahey LLC', '24');
INSERT INTO `Items` (`Items_id`, `Items_name`, `Ingredients`, `Image`, `Description`, `Item_type`, `Price`) VALUES (234, 'Dallas Station', 'Laborum earum dolor natus dolorem quia.', 'http://lorempixel.com/50/50/', 'Alice, and sighing. \'It IS the use of a tree. \'Did you say pig, or fig?\' said the Duchess, \'and that\'s the queerest thing about it.\' \'She\'s in prison,\' the Queen left off, quite out of the court,\".', 'Hammes, Mraz and Huels', '15');
INSERT INTO `Items` (`Items_id`, `Items_name`, `Ingredients`, `Image`, `Description`, `Item_type`, `Price`) VALUES (264, 'Dianna Route', 'Minus et explicabo voluptate est.', 'http://lorempixel.com/50/50/', 'I suppose?\' \'Yes,\' said Alice, very loudly and decidedly, and he says it\'s so useful, it\'s worth a hundred pounds! He says it kills all the unjust things--\' when his eye chanced to fall upon Alice,.', 'Walker Inc', '81');
INSERT INTO `Items` (`Items_id`, `Items_name`, `Ingredients`, `Image`, `Description`, `Item_type`, `Price`) VALUES (242, 'Rogahn Fork', 'Odio et voluptatum dolor.', 'http://lorempixel.com/50/50/', 'Pat, what\'s that in the other. In the very middle of the trees had a bone in his note-book, cackled out \'Silence!\' and read as follows:-- \'The Queen will hear you! You see, she came upon a time she.', 'Harvey Ltd', '76');
INSERT INTO `Items` (`Items_id`, `Items_name`, `Ingredients`, `Image`, `Description`, `Item_type`, `Price`) VALUES (210, 'Crystel Shore', 'Ut ut fugiat amet voluptatibus impedit.', 'http://lorempixel.com/50/50/', 'Gryphon. \'Well, I hardly know--No more, thank ye; I\'m better now--but I\'m a hatter.\' Here the Queen in front of the court. All this time the Queen left off, quite out of that is--\"Be what you like,\'.', 'Bayer-Lynch', '31');
INSERT INTO `Items` (`Items_id`, `Items_name`, `Ingredients`, `Image`, `Description`, `Item_type`, `Price`) VALUES (258, 'Wehner Canyon', 'Quasi id dolor expedita iste ea iusto.', 'http://lorempixel.com/50/50/', 'March.\' As she said to herself, as she spoke. (The unfortunate little Bill had left off sneezing by this time?\' she said to the heads of the bill, \"French, music, AND WASHING--extra.\"\' \'You couldn\'t.', 'DuBuque, Wiza and Toy', '85');
INSERT INTO `Items` (`Items_id`, `Items_name`, `Ingredients`, `Image`, `Description`, `Item_type`, `Price`) VALUES (240, 'Hudson Squares', 'Vero consectetur totam corporis aut distinctio est accusantium cupiditate.', 'http://lorempixel.com/50/50/', 'White Rabbit; \'in fact, there\'s nothing written on the second verse of the house of the Nile On every golden scale! \'How cheerfully he seems to suit them!\' \'I haven\'t opened it yet,\' said Alice;.', 'Considine, Boyle and Mueller', '99');
INSERT INTO `Items` (`Items_id`, `Items_name`, `Ingredients`, `Image`, `Description`, `Item_type`, `Price`) VALUES (252, 'O\'Keefe Isle', 'Voluptatibus exercitationem ipsum ut est ut vero.', 'http://lorempixel.com/50/50/', 'The first question of course you know what to do THAT in a twinkling! Half-past one, time for dinner!\' (\'I only wish they COULD! I\'m sure I have none, Why, I haven\'t had a door leading right into a.', 'Ondricka, Casper and Robel', '77');
INSERT INTO `Items` (`Items_id`, `Items_name`, `Ingredients`, `Image`, `Description`, `Item_type`, `Price`) VALUES (294, 'Herzog Brooks', 'Ipsum optio quae consequatur est occaecati.', 'http://lorempixel.com/50/50/', 'I\'m never sure what I\'m going to do that,\' said the Mock Turtle. \'No, no! The adventures first,\' said the King, \'and don\'t be particular--Here, Bill! catch hold of this rope--Will the roof off.\'.', 'Beier Ltd', '97');
INSERT INTO `Items` (`Items_id`, `Items_name`, `Ingredients`, `Image`, `Description`, `Item_type`, `Price`) VALUES (273, 'Murphy Skyway', 'Qui nostrum rerum quo voluptates et.', 'http://lorempixel.com/50/50/', 'Alice called out \'The Queen! The Queen!\' and the Mock Turtle to the game. CHAPTER IX. The Mock Turtle went on, \'What HAVE you been doing here?\' \'May it please your Majesty?\' he asked. \'Begin at the.', 'Hand LLC', '30');
INSERT INTO `Items` (`Items_id`, `Items_name`, `Ingredients`, `Image`, `Description`, `Item_type`, `Price`) VALUES (293, 'Jayden Spurs', 'Repudiandae iusto illum iusto at iste deserunt rerum.', 'http://lorempixel.com/50/50/', 'Why, there\'s hardly enough of me left to make herself useful, and looking anxiously about her. \'Oh, do let me help to undo it!\' \'I shall be late!\' (when she thought there was hardly room for this,.', 'Kling-Miller', '23');
INSERT INTO `Items` (`Items_id`, `Items_name`, `Ingredients`, `Image`, `Description`, `Item_type`, `Price`) VALUES (236, 'Casper Plaza', 'Molestiae consequatur deleniti ullam asperiores libero vel eius.', 'http://lorempixel.com/50/50/', 'Time!\' \'Perhaps not,\' Alice replied in an encouraging opening for a minute or two the Caterpillar angrily, rearing itself upright as it can talk: at any rate I\'ll never go THERE again!\' said Alice.', 'Parker-Grimes', '62');
INSERT INTO `Items` (`Items_id`, `Items_name`, `Ingredients`, `Image`, `Description`, `Item_type`, `Price`) VALUES (260, 'Weimann Freeway', 'Et incidunt ut ut itaque molestiae.', 'http://lorempixel.com/50/50/', 'I\'ll just see what was on the hearth and grinning from ear to ear. \'Please would you tell me,\' said Alice, \'a great girl like you,\' (she might well say this), \'to go on till you come to the jury,.', 'Bode, Borer and Stokes', '91');
INSERT INTO `Items` (`Items_id`, `Items_name`, `Ingredients`, `Image`, `Description`, `Item_type`, `Price`) VALUES (279, 'Ora Burgs', 'Et ut saepe quo assumenda rerum molestiae.', 'http://lorempixel.com/50/50/', 'Duchess; \'and most of \'em do.\' \'I don\'t know where Dinn may be,\' said the Dodo solemnly, rising to its feet, ran round the court with a round face, and was just in time to begin with,\' said the.', 'Connelly-Hilpert', '15');
INSERT INTO `Items` (`Items_id`, `Items_name`, `Ingredients`, `Image`, `Description`, `Item_type`, `Price`) VALUES (211, 'Kathryne Shoals', 'Eum aliquam ad neque consequuntur.', 'http://lorempixel.com/50/50/', 'She had quite forgotten the little door: but, alas! the little crocodile Improve his shining tail, And pour the waters of the words have got altered.\' \'It is a long silence after this, and she went.', 'Mueller PLC', '57');
INSERT INTO `Items` (`Items_id`, `Items_name`, `Ingredients`, `Image`, `Description`, `Item_type`, `Price`) VALUES (272, 'Ella Field', 'Ut quia in tempora qui ratione.', 'http://lorempixel.com/50/50/', 'YOU.--Come, I\'ll take no denial; We must have been a RED rose-tree, and we won\'t talk about her and to her ear, and whispered \'She\'s under sentence of execution.\' \'What for?\' said Alice. \'And be.', 'Crist, Lindgren and Kessler', '20');
INSERT INTO `Items` (`Items_id`, `Items_name`, `Ingredients`, `Image`, `Description`, `Item_type`, `Price`) VALUES (212, 'Koss Cliffs', 'Consequatur qui est eos repellendus quod.', 'http://lorempixel.com/50/50/', 'And pour the waters of the other was sitting on a little pattering of footsteps in the beautiful garden, among the party. Some of the court with a teacup in one hand, and a fan! Quick, now!\' And.', 'Tromp, Stracke and O\'Keefe', '76');
INSERT INTO `Items` (`Items_id`, `Items_name`, `Ingredients`, `Image`, `Description`, `Item_type`, `Price`) VALUES (232, 'Harley Underpass', 'Voluptatem cumque quibusdam qui voluptate numquam.', 'http://lorempixel.com/50/50/', 'Gryphon. \'They can\'t have anything to put his shoes on. \'--and just take his head contemptuously. \'I dare say you never tasted an egg!\' \'I HAVE tasted eggs, certainly,\' said Alice, who was sitting.', 'Pfeffer-Osinski', '75');
INSERT INTO `Items` (`Items_id`, `Items_name`, `Ingredients`, `Image`, `Description`, `Item_type`, `Price`) VALUES (215, 'Godfrey Coves', 'Laudantium voluptatem quo eaque aut dolores et quaerat.', 'http://lorempixel.com/50/50/', 'The first thing I\'ve got to the other: the Duchess sneezed occasionally; and as it went, \'One side will make you grow shorter.\' \'One side will make you grow shorter.\' \'One side of the e--e--evening,.', 'Von Ltd', '36');
INSERT INTO `Items` (`Items_id`, `Items_name`, `Ingredients`, `Image`, `Description`, `Item_type`, `Price`) VALUES (290, 'Corkery Station', 'Alias incidunt esse aut iusto repellat numquam.', 'http://lorempixel.com/50/50/', 'Trims his belt and his friends shared their never-ending meal, and the words \'DRINK ME\' beautifully printed on it except a tiny golden key, and Alice\'s first thought was that you have of putting.', 'Padberg-Steuber', '64');
INSERT INTO `Items` (`Items_id`, `Items_name`, `Ingredients`, `Image`, `Description`, `Item_type`, `Price`) VALUES (282, 'Lily Meadow', 'Officia doloribus quia deserunt magni.', 'http://lorempixel.com/50/50/', 'Pigeon went on, \'and most of \'em do.\' \'I don\'t see how he can EVEN finish, if he were trying which word sounded best. Some of the deepest contempt. \'I\'ve seen a rabbit with either a.', 'Effertz Ltd', '19');
INSERT INTO `Items` (`Items_id`, `Items_name`, `Ingredients`, `Image`, `Description`, `Item_type`, `Price`) VALUES (241, 'Pinkie Divide', 'Et eum aliquid necessitatibus excepturi expedita reiciendis sequi consequuntur.', 'http://lorempixel.com/50/50/', 'On which Seven looked up and down looking for eggs, as it was very deep, or she should chance to be found: all she could guess, she was a queer-shaped little creature, and held it out into the.', 'Kuhic Inc', '73');
INSERT INTO `Items` (`Items_id`, `Items_name`, `Ingredients`, `Image`, `Description`, `Item_type`, `Price`) VALUES (208, 'Nyasia Islands', 'Dolores eum nostrum et ut fugiat et debitis excepturi.', 'http://lorempixel.com/50/50/', 'Majesty,\' said Two, in a sulky tone, as it went. So she stood looking at the end.\' \'If you please, sir--\' The Rabbit Sends in a low, trembling voice. \'There\'s more evidence to come yet, please your.', 'Cummings-Mueller', '14');
INSERT INTO `Items` (`Items_id`, `Items_name`, `Ingredients`, `Image`, `Description`, `Item_type`, `Price`) VALUES (266, 'Ima Road', 'Veritatis ipsum veniam doloremque quisquam.', 'http://lorempixel.com/50/50/', 'And she\'s such a thing. After a while she was now more than three.\' \'Your hair wants cutting,\' said the Mock Turtle said: \'I\'m too stiff. And the moral of THAT is--\"Take care of the court. All this.', 'Zboncak-Schoen', '17');
INSERT INTO `Items` (`Items_id`, `Items_name`, `Ingredients`, `Image`, `Description`, `Item_type`, `Price`) VALUES (268, 'Jakubowski Pines', 'Vero inventore quod autem sed praesentium et.', 'http://lorempixel.com/50/50/', 'Alice, \'because I\'m not myself, you see.\' \'I don\'t believe you do lessons?\' said Alice, in a melancholy way, being quite unable to move. She soon got it out to sea!\" But the snail replied \"Too far,.', 'Rosenbaum Inc', '75');
INSERT INTO `Items` (`Items_id`, `Items_name`, `Ingredients`, `Image`, `Description`, `Item_type`, `Price`) VALUES (291, 'Morton Divide', 'Ut hic nam eaque aliquam libero possimus laboriosam.', 'http://lorempixel.com/50/50/', 'Alice, who felt very glad to do next, when suddenly a footman in livery came running out of that is--\"Oh, \'tis love, \'tis love, that makes the world she was coming back to the jury, in a low, weak.', 'Braun-Borer', '37');
INSERT INTO `Items` (`Items_id`, `Items_name`, `Ingredients`, `Image`, `Description`, `Item_type`, `Price`) VALUES (281, 'Rupert Estate', 'Nobis quasi corporis fugiat expedita.', 'http://lorempixel.com/50/50/', 'Why, I do hope it\'ll make me larger, it must be removed,\' said the Caterpillar. \'Well, perhaps your feelings may be different,\' said Alice; not that she ought to be Number One,\' said Alice. \'Did you.', 'Gislason-Nolan', '76');
INSERT INTO `Items` (`Items_id`, `Items_name`, `Ingredients`, `Image`, `Description`, `Item_type`, `Price`) VALUES (297, 'Reinger Inlet', 'Iste magnam itaque repellat autem non sequi.', 'http://lorempixel.com/50/50/', 'YOU?\' said the Pigeon in a low voice, to the heads of the wood to listen. The Fish-Footman began by taking the little door: but, alas! either the locks were too large, or the key was too dark to see.', 'Shields, Waters and Von', '60');
INSERT INTO `Items` (`Items_id`, `Items_name`, `Ingredients`, `Image`, `Description`, `Item_type`, `Price`) VALUES (202, 'Hayes Trace', 'At et molestias vitae.', 'http://lorempixel.com/50/50/', 'Alice was thoroughly puzzled. \'Does the boots and shoes!\' she repeated in a tone of the room. The cook threw a frying-pan after her as she swam nearer to watch them, and the sound of many footsteps,.', 'Dare-Herman', '73');
INSERT INTO `Items` (`Items_id`, `Items_name`, `Ingredients`, `Image`, `Description`, `Item_type`, `Price`) VALUES (270, 'Legros Field', 'Facilis consequatur temporibus quod earum ut.', 'http://lorempixel.com/50/50/', 'Pigeon; \'but I must go and live in that soup!\' Alice said very politely, feeling quite pleased to find my way into that lovely garden. I think it so VERY much out of the singers in the last words.', 'Christiansen-Osinski', '12');
INSERT INTO `Items` (`Items_id`, `Items_name`, `Ingredients`, `Image`, `Description`, `Item_type`, `Price`) VALUES (288, 'Dortha Fall', 'Quod et tempore sequi ducimus.', 'http://lorempixel.com/50/50/', 'Queen added to one of the table. \'Nothing can be clearer than THAT. Then again--\"BEFORE SHE HAD THIS FIT--\" you never to lose YOUR temper!\' \'Hold your tongue, Ma!\' said the Footman, and began.', 'Deckow Group', '90');
INSERT INTO `Items` (`Items_id`, `Items_name`, `Ingredients`, `Image`, `Description`, `Item_type`, `Price`) VALUES (235, 'Jones River', 'Temporibus eveniet natus laborum a quia.', 'http://lorempixel.com/50/50/', 'And will talk in contemptuous tones of the lefthand bit. * * * * * * * * * * * * * \'What a curious appearance in the sun. (IF you don\'t like the look of things at all, at all!\' \'Do as I used--and I.', 'Turner-Schultz', '54');
INSERT INTO `Items` (`Items_id`, `Items_name`, `Ingredients`, `Image`, `Description`, `Item_type`, `Price`) VALUES (217, 'Gladys Hollow', 'Fugiat animi labore est aut eligendi accusamus.', 'http://lorempixel.com/50/50/', 'Alice. \'Well, I hardly know--No more, thank ye; I\'m better now--but I\'m a hatter.\' Here the Dormouse followed him: the March Hare. Alice sighed wearily. \'I think I can do without lobsters, you know..', 'Lemke, Bergstrom and Tromp', '33');
INSERT INTO `Items` (`Items_id`, `Items_name`, `Ingredients`, `Image`, `Description`, `Item_type`, `Price`) VALUES (298, 'Therese Trace', 'Voluptatem aut inventore sapiente reiciendis officia quis occaecati.', 'http://lorempixel.com/50/50/', 'Pigeon. \'I\'m NOT a serpent!\' said Alice to herself, \'it would have done that?\' she thought. \'I must go back by railway,\' she said this, she came up to her ear. \'You\'re thinking about something, my.', 'Zieme, Leannon and Luettgen', '79');
INSERT INTO `Items` (`Items_id`, `Items_name`, `Ingredients`, `Image`, `Description`, `Item_type`, `Price`) VALUES (214, 'Strosin Overpass', 'Omnis quia reiciendis officiis consequatur omnis.', 'http://lorempixel.com/50/50/', 'How she longed to get out again. Suddenly she came in with a deep voice, \'What are they made of?\' \'Pepper, mostly,\' said the Mouse, who seemed too much pepper in that ridiculous fashion.\' And he.', 'Hartmann Ltd', '96');
INSERT INTO `Items` (`Items_id`, `Items_name`, `Ingredients`, `Image`, `Description`, `Item_type`, `Price`) VALUES (204, 'Elva Walk', 'Enim illum rem at omnis voluptas autem maiores ut.', 'http://lorempixel.com/50/50/', 'Hatter grumbled: \'you shouldn\'t have put it to be afraid of it. Presently the Rabbit actually TOOK A WATCH OUT OF ITS WAISTCOAT-POCKET, and looked along the course, here and there was a general.', 'Baumbach, Herman and Jenkins', '87');
INSERT INTO `Items` (`Items_id`, `Items_name`, `Ingredients`, `Image`, `Description`, `Item_type`, `Price`) VALUES (245, 'Michele Cliff', 'Voluptas voluptatem ea nulla alias fugiat velit.', 'http://lorempixel.com/50/50/', 'Would not, could not, would not, could not, would not, could not, could not, would not, could not, would not join the dance. \'\"What matters it how far we go?\" his scaly friend replied. \"There is.', 'Hansen, Kreiger and Carter', '40');
INSERT INTO `Items` (`Items_id`, `Items_name`, `Ingredients`, `Image`, `Description`, `Item_type`, `Price`) VALUES (271, 'Crona Gardens', 'Libero qui consectetur ducimus temporibus voluptatem qui distinctio temporibus.', 'http://lorempixel.com/50/50/', 'I\'m pleased, and wag my tail when I\'m pleased, and wag my tail when it\'s pleased. Now I growl when I\'m pleased, and wag my tail when I\'m pleased, and wag my tail when I\'m pleased, and wag my tail.', 'Kub, Satterfield and Brakus', '23');
INSERT INTO `Items` (`Items_id`, `Items_name`, `Ingredients`, `Image`, `Description`, `Item_type`, `Price`) VALUES (221, 'Mollie Prairie', 'Nisi officia sint incidunt explicabo numquam.', 'http://lorempixel.com/50/50/', 'So she began: \'O Mouse, do you like the tone of great relief. \'Call the next thing is, to get to,\' said the Duchess, \'and that\'s a fact.\' Alice did not come the same thing a Lobster Quadrille is!\'.', 'Murazik, Johnston and Kub', '43');
INSERT INTO `Items` (`Items_id`, `Items_name`, `Ingredients`, `Image`, `Description`, `Item_type`, `Price`) VALUES (250, 'Goldner Forge', 'Veniam corporis dicta qui itaque suscipit.', 'http://lorempixel.com/50/50/', 'Arithmetic--Ambition, Distraction, Uglification, and Derision.\' \'I never said I didn\'t!\' interrupted Alice. \'You are,\' said the March Hare went \'Sh! sh!\' and the fall was over. However, when they.', 'Grimes LLC', '51');
INSERT INTO `Items` (`Items_id`, `Items_name`, `Ingredients`, `Image`, `Description`, `Item_type`, `Price`) VALUES (292, 'Welch Crest', 'Alias placeat eius quos quis.', 'http://lorempixel.com/50/50/', 'Alice with one eye; but to open her mouth; but she felt certain it must be on the bank, and of having the sentence first!\' \'Hold your tongue!\' added the Gryphon; and then raised himself upon tiptoe,.', 'Batz and Sons', '40');
INSERT INTO `Items` (`Items_id`, `Items_name`, `Ingredients`, `Image`, `Description`, `Item_type`, `Price`) VALUES (249, 'Boehm Plaza', 'Provident sunt rerum facere rerum maxime et.', 'http://lorempixel.com/50/50/', 'Duchess, digging her sharp little chin into Alice\'s head. \'Is that the hedgehog to, and, as the March Hare, \'that \"I like what I like\"!\' \'You might just as if she had quite forgotten the Duchess.', 'Hartmann, Klocko and Spinka', '67');
INSERT INTO `Items` (`Items_id`, `Items_name`, `Ingredients`, `Image`, `Description`, `Item_type`, `Price`) VALUES (285, 'Evie Inlet', 'Aliquid sed et laborum autem sapiente unde.', 'http://lorempixel.com/50/50/', 'Presently she began again. \'I wonder what CAN have happened to you? Tell us all about as curious as it can be,\' said the Queen was close behind us, and he\'s treading on my tail. See how eagerly the.', 'Tremblay-Yundt', '49');
INSERT INTO `Items` (`Items_id`, `Items_name`, `Ingredients`, `Image`, `Description`, `Item_type`, `Price`) VALUES (246, 'Bosco Manor', 'Excepturi quia quia odit nemo.', 'http://lorempixel.com/50/50/', 'I tell you, you coward!\' and at once in her hands, and began:-- \'You are old,\' said the King, going up to the Gryphon. \'The reason is,\' said the King, and the March Hare. Alice sighed wearily. \'I.', 'Donnelly Ltd', '88');
INSERT INTO `Items` (`Items_id`, `Items_name`, `Ingredients`, `Image`, `Description`, `Item_type`, `Price`) VALUES (259, 'Evert Estates', 'Occaecati consequuntur qui voluptatem praesentium eum velit.', 'http://lorempixel.com/50/50/', 'Mouse to tell him. \'A nice muddle their slates\'ll be in before the trial\'s over!\' thought Alice. \'Now we shall have to beat them off, and had come back again, and Alice was very deep, or she fell.', 'Dibbert-O\'Connell', '95');
INSERT INTO `Items` (`Items_id`, `Items_name`, `Ingredients`, `Image`, `Description`, `Item_type`, `Price`) VALUES (283, 'Heloise Burgs', 'Ab adipisci aut culpa suscipit non.', 'http://lorempixel.com/50/50/', 'English. \'I don\'t much care where--\' said Alice. \'Why, SHE,\' said the Mock Turtle, suddenly dropping his voice; and the words came very queer indeed:-- \'\'Tis the voice of the window, I only knew the.', 'Reichel, Watsica and O\'Reilly', '74');
INSERT INTO `Items` (`Items_id`, `Items_name`, `Ingredients`, `Image`, `Description`, `Item_type`, `Price`) VALUES (209, 'Esmeralda Dam', 'Enim ut molestiae id atque.', 'http://lorempixel.com/50/50/', 'So she swallowed one of the Lobster Quadrille, that she could not stand, and she said to the puppy; whereupon the puppy made another rush at Alice as she did not much like keeping so close to her:.', 'Legros-Klocko', '78');


#
# TABLE STRUCTURE FOR: Owner
#

DROP TABLE IF EXISTS `Owner`;

CREATE TABLE `Owner` (
  `Owner_id` int(11) DEFAULT NULL,
  `Owner_name` text DEFAULT NULL
) ENGINE=InnoDB DEFAULT CHARSET=utf8mb4;

INSERT INTO `Owner` (`Owner_id`, `Owner_name`) VALUES (171, 'Miss Janice Hauck Sr.');
INSERT INTO `Owner` (`Owner_id`, `Owner_name`) VALUES (161, 'Don Sauer V');
INSERT INTO `Owner` (`Owner_id`, `Owner_name`) VALUES (192, 'Alysson Abbott');
INSERT INTO `Owner` (`Owner_id`, `Owner_name`) VALUES (125, 'Kim Renner MD');
INSERT INTO `Owner` (`Owner_id`, `Owner_name`) VALUES (126, 'Mr. Lorenz Abernathy');
INSERT INTO `Owner` (`Owner_id`, `Owner_name`) VALUES (128, 'Billy Robel');
INSERT INTO `Owner` (`Owner_id`, `Owner_name`) VALUES (118, 'Mr. Jerod Bogisich MD');
INSERT INTO `Owner` (`Owner_id`, `Owner_name`) VALUES (199, 'Mrs. Emilia Lesch');
INSERT INTO `Owner` (`Owner_id`, `Owner_name`) VALUES (132, 'Trevor Bergstrom');
INSERT INTO `Owner` (`Owner_id`, `Owner_name`) VALUES (107, 'Leonie Bauch');
INSERT INTO `Owner` (`Owner_id`, `Owner_name`) VALUES (113, 'Dr. Heidi McClure Sr.');
INSERT INTO `Owner` (`Owner_id`, `Owner_name`) VALUES (103, 'Prof. Lisandro Labadie Jr.');
INSERT INTO `Owner` (`Owner_id`, `Owner_name`) VALUES (130, 'Blair Conroy Jr.');
INSERT INTO `Owner` (`Owner_id`, `Owner_name`) VALUES (194, 'Prof. Kellie Bogan PhD');
INSERT INTO `Owner` (`Owner_id`, `Owner_name`) VALUES (157, 'Pascale Lakin');
INSERT INTO `Owner` (`Owner_id`, `Owner_name`) VALUES (176, 'Ana Senger');
INSERT INTO `Owner` (`Owner_id`, `Owner_name`) VALUES (158, 'Delaney Abshire');
INSERT INTO `Owner` (`Owner_id`, `Owner_name`) VALUES (120, 'Howell Braun IV');
INSERT INTO `Owner` (`Owner_id`, `Owner_name`) VALUES (180, 'Alexys Breitenberg V');
INSERT INTO `Owner` (`Owner_id`, `Owner_name`) VALUES (155, 'Prof. Stacey Marvin');
INSERT INTO `Owner` (`Owner_id`, `Owner_name`) VALUES (142, 'Haven Mayert');
INSERT INTO `Owner` (`Owner_id`, `Owner_name`) VALUES (122, 'Dr. Natalie Stark');
INSERT INTO `Owner` (`Owner_id`, `Owner_name`) VALUES (119, 'Prof. Kolby Little Jr.');
INSERT INTO `Owner` (`Owner_id`, `Owner_name`) VALUES (183, 'Jerod Powlowski');
INSERT INTO `Owner` (`Owner_id`, `Owner_name`) VALUES (150, 'Carroll Haag');
INSERT INTO `Owner` (`Owner_id`, `Owner_name`) VALUES (114, 'Naomi Jaskolski');
INSERT INTO `Owner` (`Owner_id`, `Owner_name`) VALUES (200, 'Dr. Pietro Feeney DVM');
INSERT INTO `Owner` (`Owner_id`, `Owner_name`) VALUES (152, 'Christelle Bins');
INSERT INTO `Owner` (`Owner_id`, `Owner_name`) VALUES (159, 'Kevon Morar');
INSERT INTO `Owner` (`Owner_id`, `Owner_name`) VALUES (145, 'Buddy Padberg');
INSERT INTO `Owner` (`Owner_id`, `Owner_name`) VALUES (106, 'Mr. Dane Leannon V');
INSERT INTO `Owner` (`Owner_id`, `Owner_name`) VALUES (165, 'Antonina Tromp V');
INSERT INTO `Owner` (`Owner_id`, `Owner_name`) VALUES (177, 'Jackson Kirlin III');
INSERT INTO `Owner` (`Owner_id`, `Owner_name`) VALUES (134, 'Mrs. Albina Oberbrunner');
INSERT INTO `Owner` (`Owner_id`, `Owner_name`) VALUES (110, 'Jerad Morissette');
INSERT INTO `Owner` (`Owner_id`, `Owner_name`) VALUES (143, 'Citlalli Bechtelar');
INSERT INTO `Owner` (`Owner_id`, `Owner_name`) VALUES (146, 'Mozelle Beer');
INSERT INTO `Owner` (`Owner_id`, `Owner_name`) VALUES (102, 'Alfonso Wyman');
INSERT INTO `Owner` (`Owner_id`, `Owner_name`) VALUES (190, 'August Spencer');
INSERT INTO `Owner` (`Owner_id`, `Owner_name`) VALUES (182, 'Carey Hauck');
INSERT INTO `Owner` (`Owner_id`, `Owner_name`) VALUES (144, 'Kaitlin Herzog');
INSERT INTO `Owner` (`Owner_id`, `Owner_name`) VALUES (179, 'Dr. Savion White');
INSERT INTO `Owner` (`Owner_id`, `Owner_name`) VALUES (112, 'Keanu Gibson');
INSERT INTO `Owner` (`Owner_id`, `Owner_name`) VALUES (169, 'Bennie Kuhn');
INSERT INTO `Owner` (`Owner_id`, `Owner_name`) VALUES (151, 'Lexie Wisoky');
INSERT INTO `Owner` (`Owner_id`, `Owner_name`) VALUES (104, 'Dr. Nestor Heathcote IV');
INSERT INTO `Owner` (`Owner_id`, `Owner_name`) VALUES (184, 'June Harvey V');
INSERT INTO `Owner` (`Owner_id`, `Owner_name`) VALUES (133, 'Annalise Tromp');
INSERT INTO `Owner` (`Owner_id`, `Owner_name`) VALUES (172, 'George Lind');
INSERT INTO `Owner` (`Owner_id`, `Owner_name`) VALUES (153, 'Cyril Pfeffer');
INSERT INTO `Owner` (`Owner_id`, `Owner_name`) VALUES (148, 'Dr. Mack Schamberger');
INSERT INTO `Owner` (`Owner_id`, `Owner_name`) VALUES (162, 'Arlo Beer');
INSERT INTO `Owner` (`Owner_id`, `Owner_name`) VALUES (189, 'Skylar West');
INSERT INTO `Owner` (`Owner_id`, `Owner_name`) VALUES (137, 'Destiny Leffler PhD');
INSERT INTO `Owner` (`Owner_id`, `Owner_name`) VALUES (178, 'Caden Bernhard V');
INSERT INTO `Owner` (`Owner_id`, `Owner_name`) VALUES (196, 'Marshall Morissette');
INSERT INTO `Owner` (`Owner_id`, `Owner_name`) VALUES (167, 'Alyce Wiegand');
INSERT INTO `Owner` (`Owner_id`, `Owner_name`) VALUES (187, 'Virgie Hartmann II');
INSERT INTO `Owner` (`Owner_id`, `Owner_name`) VALUES (173, 'Tanya Predovic');
INSERT INTO `Owner` (`Owner_id`, `Owner_name`) VALUES (141, 'Jillian Schuppe');
INSERT INTO `Owner` (`Owner_id`, `Owner_name`) VALUES (147, 'Berta Harber');
INSERT INTO `Owner` (`Owner_id`, `Owner_name`) VALUES (105, 'Prof. Melvin Glover');
INSERT INTO `Owner` (`Owner_id`, `Owner_name`) VALUES (111, 'Prof. Aimee Abshire MD');
INSERT INTO `Owner` (`Owner_id`, `Owner_name`) VALUES (197, 'Prof. Jesus Romaguera');
INSERT INTO `Owner` (`Owner_id`, `Owner_name`) VALUES (115, 'Marjolaine Eichmann');
INSERT INTO `Owner` (`Owner_id`, `Owner_name`) VALUES (168, 'Santos Donnelly');
INSERT INTO `Owner` (`Owner_id`, `Owner_name`) VALUES (140, 'Prof. Jaclyn Orn');
INSERT INTO `Owner` (`Owner_id`, `Owner_name`) VALUES (186, 'Bulah McClure');
INSERT INTO `Owner` (`Owner_id`, `Owner_name`) VALUES (121, 'Miss Mckayla Kunde PhD');
INSERT INTO `Owner` (`Owner_id`, `Owner_name`) VALUES (193, 'Velda Lakin');
INSERT INTO `Owner` (`Owner_id`, `Owner_name`) VALUES (163, 'Rey Hagenes');
INSERT INTO `Owner` (`Owner_id`, `Owner_name`) VALUES (136, 'Leon Rau');
INSERT INTO `Owner` (`Owner_id`, `Owner_name`) VALUES (108, 'Hank Rohan');
INSERT INTO `Owner` (`Owner_id`, `Owner_name`) VALUES (156, 'Prof. Sammie Russel DDS');
INSERT INTO `Owner` (`Owner_id`, `Owner_name`) VALUES (188, 'Miss Dorothea Runolfsson II');
INSERT INTO `Owner` (`Owner_id`, `Owner_name`) VALUES (117, 'Perry McClure Sr.');
INSERT INTO `Owner` (`Owner_id`, `Owner_name`) VALUES (174, 'Ransom Upton II');
INSERT INTO `Owner` (`Owner_id`, `Owner_name`) VALUES (198, 'Wade Koss');
INSERT INTO `Owner` (`Owner_id`, `Owner_name`) VALUES (149, 'Mr. Sofia Nikolaus');
INSERT INTO `Owner` (`Owner_id`, `Owner_name`) VALUES (101, 'Tom Hauck');
INSERT INTO `Owner` (`Owner_id`, `Owner_name`) VALUES (116, 'Miss Fiona Bergstrom DVM');
INSERT INTO `Owner` (`Owner_id`, `Owner_name`) VALUES (139, 'Verlie Krajcik');
INSERT INTO `Owner` (`Owner_id`, `Owner_name`) VALUES (191, 'Alejandrin Collins');
INSERT INTO `Owner` (`Owner_id`, `Owner_name`) VALUES (124, 'Mr. Korbin Hahn I');
INSERT INTO `Owner` (`Owner_id`, `Owner_name`) VALUES (109, 'Tiana Morissette');
INSERT INTO `Owner` (`Owner_id`, `Owner_name`) VALUES (181, 'Lera Johns');
INSERT INTO `Owner` (`Owner_id`, `Owner_name`) VALUES (164, 'Aletha Predovic');
INSERT INTO `Owner` (`Owner_id`, `Owner_name`) VALUES (175, 'Miss Marielle Ruecker');
INSERT INTO `Owner` (`Owner_id`, `Owner_name`) VALUES (131, 'Dr. Demario Aufderhar');
INSERT INTO `Owner` (`Owner_id`, `Owner_name`) VALUES (170, 'Elisha Rosenbaum');
INSERT INTO `Owner` (`Owner_id`, `Owner_name`) VALUES (166, 'Prof. Harley Rolfson Sr.');
INSERT INTO `Owner` (`Owner_id`, `Owner_name`) VALUES (129, 'Mr. Cleveland Rosenbaum MD');
INSERT INTO `Owner` (`Owner_id`, `Owner_name`) VALUES (160, 'Angie Friesen');
INSERT INTO `Owner` (`Owner_id`, `Owner_name`) VALUES (127, 'Jeanette Rice Sr.');
INSERT INTO `Owner` (`Owner_id`, `Owner_name`) VALUES (154, 'Nils Cummings');
INSERT INTO `Owner` (`Owner_id`, `Owner_name`) VALUES (195, 'Helga Bartoletti');
INSERT INTO `Owner` (`Owner_id`, `Owner_name`) VALUES (138, 'Brenden Walker');
INSERT INTO `Owner` (`Owner_id`, `Owner_name`) VALUES (123, 'Miss Ivah Beatty V');
INSERT INTO `Owner` (`Owner_id`, `Owner_name`) VALUES (135, 'Marjory Okuneva');
INSERT INTO `Owner` (`Owner_id`, `Owner_name`) VALUES (185, 'Josefa Towne');


#
# TABLE STRUCTURE FOR: Purchases
#

DROP TABLE IF EXISTS `Purchases`;

CREATE TABLE `Purchases` (
  `Item_id` int(11) DEFAULT NULL,
  `Quantity` int(11) DEFAULT NULL,
  `User_id` int(11) DEFAULT NULL,
  `Purchase_basket_id` int(11) DEFAULT NULL
) ENGINE=InnoDB DEFAULT CHARSET=utf8mb4;

INSERT INTO `Purchases` (`Item_id`, `Quantity`, `User_id`, `Purchase_basket_id`) VALUES (226, 31, 388, 977);
INSERT INTO `Purchases` (`Item_id`, `Quantity`, `User_id`, `Purchase_basket_id`) VALUES (267, 12, 302, 807);
INSERT INTO `Purchases` (`Item_id`, `Quantity`, `User_id`, `Purchase_basket_id`) VALUES (229, 16, 371, 581);
INSERT INTO `Purchases` (`Item_id`, `Quantity`, `User_id`, `Purchase_basket_id`) VALUES (203, 1, 334, 637);
INSERT INTO `Purchases` (`Item_id`, `Quantity`, `User_id`, `Purchase_basket_id`) VALUES (268, 8, 394, 561);
INSERT INTO `Purchases` (`Item_id`, `Quantity`, `User_id`, `Purchase_basket_id`) VALUES (207, 39, 318, 787);
INSERT INTO `Purchases` (`Item_id`, `Quantity`, `User_id`, `Purchase_basket_id`) VALUES (237, 21, 379, 930);
INSERT INTO `Purchases` (`Item_id`, `Quantity`, `User_id`, `Purchase_basket_id`) VALUES (204, 39, 372, 690);
INSERT INTO `Purchases` (`Item_id`, `Quantity`, `User_id`, `Purchase_basket_id`) VALUES (202, 37, 378, 921);
INSERT INTO `Purchases` (`Item_id`, `Quantity`, `User_id`, `Purchase_basket_id`) VALUES (277, 20, 340, 785);
INSERT INTO `Purchases` (`Item_id`, `Quantity`, `User_id`, `Purchase_basket_id`) VALUES (214, 7, 356, 945);
INSERT INTO `Purchases` (`Item_id`, `Quantity`, `User_id`, `Purchase_basket_id`) VALUES (300, 29, 354, 562);
INSERT INTO `Purchases` (`Item_id`, `Quantity`, `User_id`, `Purchase_basket_id`) VALUES (249, 3, 360, 937);
INSERT INTO `Purchases` (`Item_id`, `Quantity`, `User_id`, `Purchase_basket_id`) VALUES (206, 26, 369, 669);
INSERT INTO `Purchases` (`Item_id`, `Quantity`, `User_id`, `Purchase_basket_id`) VALUES (222, 26, 347, 737);
INSERT INTO `Purchases` (`Item_id`, `Quantity`, `User_id`, `Purchase_basket_id`) VALUES (213, 47, 392, 950);
INSERT INTO `Purchases` (`Item_id`, `Quantity`, `User_id`, `Purchase_basket_id`) VALUES (232, 8, 317, 917);
INSERT INTO `Purchases` (`Item_id`, `Quantity`, `User_id`, `Purchase_basket_id`) VALUES (262, 46, 370, 976);
INSERT INTO `Purchases` (`Item_id`, `Quantity`, `User_id`, `Purchase_basket_id`) VALUES (212, 42, 338, 970);
INSERT INTO `Purchases` (`Item_id`, `Quantity`, `User_id`, `Purchase_basket_id`) VALUES (241, 15, 364, 894);
INSERT INTO `Purchases` (`Item_id`, `Quantity`, `User_id`, `Purchase_basket_id`) VALUES (217, 6, 366, 849);
INSERT INTO `Purchases` (`Item_id`, `Quantity`, `User_id`, `Purchase_basket_id`) VALUES (246, 34, 314, 824);
INSERT INTO `Purchases` (`Item_id`, `Quantity`, `User_id`, `Purchase_basket_id`) VALUES (292, 43, 319, 663);
INSERT INTO `Purchases` (`Item_id`, `Quantity`, `User_id`, `Purchase_basket_id`) VALUES (296, 25, 346, 643);
INSERT INTO `Purchases` (`Item_id`, `Quantity`, `User_id`, `Purchase_basket_id`) VALUES (247, 30, 349, 721);
INSERT INTO `Purchases` (`Item_id`, `Quantity`, `User_id`, `Purchase_basket_id`) VALUES (224, 24, 398, 803);
INSERT INTO `Purchases` (`Item_id`, `Quantity`, `User_id`, `Purchase_basket_id`) VALUES (295, 20, 325, 928);
INSERT INTO `Purchases` (`Item_id`, `Quantity`, `User_id`, `Purchase_basket_id`) VALUES (269, 45, 352, 835);
INSERT INTO `Purchases` (`Item_id`, `Quantity`, `User_id`, `Purchase_basket_id`) VALUES (273, 49, 307, 606);
INSERT INTO `Purchases` (`Item_id`, `Quantity`, `User_id`, `Purchase_basket_id`) VALUES (252, 0, 320, 774);
INSERT INTO `Purchases` (`Item_id`, `Quantity`, `User_id`, `Purchase_basket_id`) VALUES (234, 42, 310, 780);
INSERT INTO `Purchases` (`Item_id`, `Quantity`, `User_id`, `Purchase_basket_id`) VALUES (238, 46, 348, 617);
INSERT INTO `Purchases` (`Item_id`, `Quantity`, `User_id`, `Purchase_basket_id`) VALUES (275, 8, 400, 931);
INSERT INTO `Purchases` (`Item_id`, `Quantity`, `User_id`, `Purchase_basket_id`) VALUES (228, 46, 351, 853);
INSERT INTO `Purchases` (`Item_id`, `Quantity`, `User_id`, `Purchase_basket_id`) VALUES (263, 25, 333, 806);
INSERT INTO `Purchases` (`Item_id`, `Quantity`, `User_id`, `Purchase_basket_id`) VALUES (251, 36, 308, 539);
INSERT INTO `Purchases` (`Item_id`, `Quantity`, `User_id`, `Purchase_basket_id`) VALUES (270, 40, 374, 993);
INSERT INTO `Purchases` (`Item_id`, `Quantity`, `User_id`, `Purchase_basket_id`) VALUES (254, 41, 345, 826);
INSERT INTO `Purchases` (`Item_id`, `Quantity`, `User_id`, `Purchase_basket_id`) VALUES (283, 41, 327, 507);
INSERT INTO `Purchases` (`Item_id`, `Quantity`, `User_id`, `Purchase_basket_id`) VALUES (264, 40, 312, 646);
INSERT INTO `Purchases` (`Item_id`, `Quantity`, `User_id`, `Purchase_basket_id`) VALUES (233, 4, 385, 812);
INSERT INTO `Purchases` (`Item_id`, `Quantity`, `User_id`, `Purchase_basket_id`) VALUES (250, 27, 373, 625);
INSERT INTO `Purchases` (`Item_id`, `Quantity`, `User_id`, `Purchase_basket_id`) VALUES (256, 10, 306, 569);
INSERT INTO `Purchases` (`Item_id`, `Quantity`, `User_id`, `Purchase_basket_id`) VALUES (220, 45, 383, 777);
INSERT INTO `Purchases` (`Item_id`, `Quantity`, `User_id`, `Purchase_basket_id`) VALUES (266, 33, 386, 647);
INSERT INTO `Purchases` (`Item_id`, `Quantity`, `User_id`, `Purchase_basket_id`) VALUES (239, 2, 336, 916);
INSERT INTO `Purchases` (`Item_id`, `Quantity`, `User_id`, `Purchase_basket_id`) VALUES (255, 49, 376, 515);
INSERT INTO `Purchases` (`Item_id`, `Quantity`, `User_id`, `Purchase_basket_id`) VALUES (288, 24, 328, 701);
INSERT INTO `Purchases` (`Item_id`, `Quantity`, `User_id`, `Purchase_basket_id`) VALUES (208, 34, 350, 537);
INSERT INTO `Purchases` (`Item_id`, `Quantity`, `User_id`, `Purchase_basket_id`) VALUES (211, 26, 344, 923);
INSERT INTO `Purchases` (`Item_id`, `Quantity`, `User_id`, `Purchase_basket_id`) VALUES (218, 48, 337, 733);
INSERT INTO `Purchases` (`Item_id`, `Quantity`, `User_id`, `Purchase_basket_id`) VALUES (298, 15, 304, 898);
INSERT INTO `Purchases` (`Item_id`, `Quantity`, `User_id`, `Purchase_basket_id`) VALUES (216, 37, 342, 804);
INSERT INTO `Purchases` (`Item_id`, `Quantity`, `User_id`, `Purchase_basket_id`) VALUES (223, 20, 323, 863);
INSERT INTO `Purchases` (`Item_id`, `Quantity`, `User_id`, `Purchase_basket_id`) VALUES (248, 36, 313, 500);
INSERT INTO `Purchases` (`Item_id`, `Quantity`, `User_id`, `Purchase_basket_id`) VALUES (209, 19, 384, 786);
INSERT INTO `Purchases` (`Item_id`, `Quantity`, `User_id`, `Purchase_basket_id`) VALUES (289, 15, 324, 607);
INSERT INTO `Purchases` (`Item_id`, `Quantity`, `User_id`, `Purchase_basket_id`) VALUES (293, 1, 326, 738);
INSERT INTO `Purchases` (`Item_id`, `Quantity`, `User_id`, `Purchase_basket_id`) VALUES (281, 22, 393, 702);
INSERT INTO `Purchases` (`Item_id`, `Quantity`, `User_id`, `Purchase_basket_id`) VALUES (287, 17, 359, 845);
INSERT INTO `Purchases` (`Item_id`, `Quantity`, `User_id`, `Purchase_basket_id`) VALUES (279, 28, 389, 971);
INSERT INTO `Purchases` (`Item_id`, `Quantity`, `User_id`, `Purchase_basket_id`) VALUES (258, 25, 399, 671);
INSERT INTO `Purchases` (`Item_id`, `Quantity`, `User_id`, `Purchase_basket_id`) VALUES (294, 45, 353, 991);
INSERT INTO `Purchases` (`Item_id`, `Quantity`, `User_id`, `Purchase_basket_id`) VALUES (235, 17, 322, 549);
INSERT INTO `Purchases` (`Item_id`, `Quantity`, `User_id`, `Purchase_basket_id`) VALUES (271, 33, 377, 994);
INSERT INTO `Purchases` (`Item_id`, `Quantity`, `User_id`, `Purchase_basket_id`) VALUES (261, 20, 329, 801);
INSERT INTO `Purchases` (`Item_id`, `Quantity`, `User_id`, `Purchase_basket_id`) VALUES (285, 10, 316, 565);
INSERT INTO `Purchases` (`Item_id`, `Quantity`, `User_id`, `Purchase_basket_id`) VALUES (210, 21, 321, 602);
INSERT INTO `Purchases` (`Item_id`, `Quantity`, `User_id`, `Purchase_basket_id`) VALUES (265, 28, 362, 739);
INSERT INTO `Purchases` (`Item_id`, `Quantity`, `User_id`, `Purchase_basket_id`) VALUES (290, 41, 341, 885);
INSERT INTO `Purchases` (`Item_id`, `Quantity`, `User_id`, `Purchase_basket_id`) VALUES (230, 0, 331, 973);
INSERT INTO `Purchases` (`Item_id`, `Quantity`, `User_id`, `Purchase_basket_id`) VALUES (245, 25, 330, 645);
INSERT INTO `Purchases` (`Item_id`, `Quantity`, `User_id`, `Purchase_basket_id`) VALUES (297, 21, 396, 524);
INSERT INTO `Purchases` (`Item_id`, `Quantity`, `User_id`, `Purchase_basket_id`) VALUES (205, 4, 391, 697);
INSERT INTO `Purchases` (`Item_id`, `Quantity`, `User_id`, `Purchase_basket_id`) VALUES (215, 3, 368, 531);
INSERT INTO `Purchases` (`Item_id`, `Quantity`, `User_id`, `Purchase_basket_id`) VALUES (280, 35, 365, 906);
INSERT INTO `Purchases` (`Item_id`, `Quantity`, `User_id`, `Purchase_basket_id`) VALUES (225, 47, 309, 711);
INSERT INTO `Purchases` (`Item_id`, `Quantity`, `User_id`, `Purchase_basket_id`) VALUES (244, 20, 367, 735);
INSERT INTO `Purchases` (`Item_id`, `Quantity`, `User_id`, `Purchase_basket_id`) VALUES (274, 15, 375, 986);
INSERT INTO `Purchases` (`Item_id`, `Quantity`, `User_id`, `Purchase_basket_id`) VALUES (240, 50, 387, 951);
INSERT INTO `Purchases` (`Item_id`, `Quantity`, `User_id`, `Purchase_basket_id`) VALUES (259, 19, 361, 859);
INSERT INTO `Purchases` (`Item_id`, `Quantity`, `User_id`, `Purchase_basket_id`) VALUES (278, 2, 395, 773);
INSERT INTO `Purchases` (`Item_id`, `Quantity`, `User_id`, `Purchase_basket_id`) VALUES (282, 40, 343, 745);
INSERT INTO `Purchases` (`Item_id`, `Quantity`, `User_id`, `Purchase_basket_id`) VALUES (243, 39, 382, 927);
INSERT INTO `Purchases` (`Item_id`, `Quantity`, `User_id`, `Purchase_basket_id`) VALUES (236, 21, 357, 530);
INSERT INTO `Purchases` (`Item_id`, `Quantity`, `User_id`, `Purchase_basket_id`) VALUES (286, 34, 311, 611);
INSERT INTO `Purchases` (`Item_id`, `Quantity`, `User_id`, `Purchase_basket_id`) VALUES (276, 41, 381, 703);
INSERT INTO `Purchases` (`Item_id`, `Quantity`, `User_id`, `Purchase_basket_id`) VALUES (221, 1, 355, 997);
INSERT INTO `Purchases` (`Item_id`, `Quantity`, `User_id`, `Purchase_basket_id`) VALUES (242, 0, 358, 631);
INSERT INTO `Purchases` (`Item_id`, `Quantity`, `User_id`, `Purchase_basket_id`) VALUES (257, 6, 301, 1000);
INSERT INTO `Purchases` (`Item_id`, `Quantity`, `User_id`, `Purchase_basket_id`) VALUES (227, 49, 335, 829);
INSERT INTO `Purchases` (`Item_id`, `Quantity`, `User_id`, `Purchase_basket_id`) VALUES (253, 8, 305, 768);
INSERT INTO `Purchases` (`Item_id`, `Quantity`, `User_id`, `Purchase_basket_id`) VALUES (231, 27, 339, 828);
INSERT INTO `Purchases` (`Item_id`, `Quantity`, `User_id`, `Purchase_basket_id`) VALUES (201, 9, 315, 578);
INSERT INTO `Purchases` (`Item_id`, `Quantity`, `User_id`, `Purchase_basket_id`) VALUES (272, 12, 332, 761);
INSERT INTO `Purchases` (`Item_id`, `Quantity`, `User_id`, `Purchase_basket_id`) VALUES (299, 42, 303, 691);
INSERT INTO `Purchases` (`Item_id`, `Quantity`, `User_id`, `Purchase_basket_id`) VALUES (284, 32, 397, 965);
INSERT INTO `Purchases` (`Item_id`, `Quantity`, `User_id`, `Purchase_basket_id`) VALUES (260, 7, 390, 667);
INSERT INTO `Purchases` (`Item_id`, `Quantity`, `User_id`, `Purchase_basket_id`) VALUES (291, 29, 363, 580);
INSERT INTO `Purchases` (`Item_id`, `Quantity`, `User_id`, `Purchase_basket_id`) VALUES (219, 32, 380, 941);


#
# TABLE STRUCTURE FOR: Transactions
#

DROP TABLE IF EXISTS `Transactions`;

CREATE TABLE `Transactions` (
  `Transaction_timestamp` datetime DEFAULT NULL,
  `Transaction_amount` decimal(10,0) DEFAULT NULL,
  `Transaction_id` int(11) DEFAULT NULL,
  `Hash` text DEFAULT NULL
) ENGINE=InnoDB DEFAULT CHARSET=utf8mb4;

INSERT INTO `Transactions` (`Transaction_timestamp`, `Transaction_amount`, `Transaction_id`, `Hash`) VALUES ('1996-09-07 00:18:48', '557', 556, 'c36088f7d8574dbbd3ce6b38c16c2fe7b8ddbbd0');
INSERT INTO `Transactions` (`Transaction_timestamp`, `Transaction_amount`, `Transaction_id`, `Hash`) VALUES ('1970-08-17 23:08:29', '862', 992, '6f8fa19f12f1ccbc278ae1d8495b231bcdc8f2ad');
INSERT INTO `Transactions` (`Transaction_timestamp`, `Transaction_amount`, `Transaction_id`, `Hash`) VALUES ('2011-08-03 01:21:58', '645', 977, '6d25a2624bfa083bcd98eb43de83f49bcc805067');
INSERT INTO `Transactions` (`Transaction_timestamp`, `Transaction_amount`, `Transaction_id`, `Hash`) VALUES ('1990-05-21 12:52:16', '655', 915, 'f3134063db3b00cd0b25de0612ac04c2e5d6e86a');
INSERT INTO `Transactions` (`Transaction_timestamp`, `Transaction_amount`, `Transaction_id`, `Hash`) VALUES ('1972-03-02 01:18:57', '41', 587, 'e953b549f58a18ce70c4c577ec6d54d265a8c617');
INSERT INTO `Transactions` (`Transaction_timestamp`, `Transaction_amount`, `Transaction_id`, `Hash`) VALUES ('1995-03-22 08:21:48', '361', 631, 'ac5a9d608000640090e28da2db29d7af7b7cf048');
INSERT INTO `Transactions` (`Transaction_timestamp`, `Transaction_amount`, `Transaction_id`, `Hash`) VALUES ('1987-02-03 12:19:55', '381', 699, '3c432ddbfb0be811405ca7b1c3428af70295b34d');
INSERT INTO `Transactions` (`Transaction_timestamp`, `Transaction_amount`, `Transaction_id`, `Hash`) VALUES ('1988-08-20 19:02:39', '75', 636, '486cb5aa62698ef3011ff36b1b257173eb750cbe');
INSERT INTO `Transactions` (`Transaction_timestamp`, `Transaction_amount`, `Transaction_id`, `Hash`) VALUES ('1994-01-27 17:49:46', '771', 834, '50540459ab4c5f70f99952011b45cdd151579a9a');
INSERT INTO `Transactions` (`Transaction_timestamp`, `Transaction_amount`, `Transaction_id`, `Hash`) VALUES ('1992-04-01 17:54:26', '147', 564, '42447fdae51fd085359cd0fe47f3d85bbd4c0e1b');
INSERT INTO `Transactions` (`Transaction_timestamp`, `Transaction_amount`, `Transaction_id`, `Hash`) VALUES ('1980-05-10 12:42:55', '513', 768, '49f29dc6a3d302bd7d22e952f6d466375079de6f');
INSERT INTO `Transactions` (`Transaction_timestamp`, `Transaction_amount`, `Transaction_id`, `Hash`) VALUES ('1971-07-20 22:18:39', '239', 596, '3c72217c110ba7d0a9994b92bda0b8c29bd3e913');
INSERT INTO `Transactions` (`Transaction_timestamp`, `Transaction_amount`, `Transaction_id`, `Hash`) VALUES ('2000-06-16 11:40:41', '692', 592, '5cb2bd44dc3bd46facdbd28153587db46c65a366');
INSERT INTO `Transactions` (`Transaction_timestamp`, `Transaction_amount`, `Transaction_id`, `Hash`) VALUES ('1974-03-15 04:59:30', '128', 523, '11e8f8dca31f19f65aace12fa3c22951a398ce3d');
INSERT INTO `Transactions` (`Transaction_timestamp`, `Transaction_amount`, `Transaction_id`, `Hash`) VALUES ('1972-12-29 13:46:26', '215', 805, '208401e81f3acbf32c7628270efd7214260cf17f');
INSERT INTO `Transactions` (`Transaction_timestamp`, `Transaction_amount`, `Transaction_id`, `Hash`) VALUES ('1991-10-19 12:58:50', '974', 914, '155a3b89a1684672ec5de188483fa5eaa925aa97');
INSERT INTO `Transactions` (`Transaction_timestamp`, `Transaction_amount`, `Transaction_id`, `Hash`) VALUES ('2003-12-15 17:18:31', '902', 727, 'ab3b50b9b5abaa3f3333070cc61dd2352eb69c02');
INSERT INTO `Transactions` (`Transaction_timestamp`, `Transaction_amount`, `Transaction_id`, `Hash`) VALUES ('1981-03-09 02:46:34', '631', 869, 'd8f218925ac74e7e6c6547211e828d9ff420c240');
INSERT INTO `Transactions` (`Transaction_timestamp`, `Transaction_amount`, `Transaction_id`, `Hash`) VALUES ('1984-01-10 06:11:22', '83', 940, 'c2d535cd43c79cc3d204735acbf251e354ada11e');
INSERT INTO `Transactions` (`Transaction_timestamp`, `Transaction_amount`, `Transaction_id`, `Hash`) VALUES ('1975-03-19 07:20:32', '816', 981, 'dc6b02105f36989cef219c9108a225660f797320');
INSERT INTO `Transactions` (`Transaction_timestamp`, `Transaction_amount`, `Transaction_id`, `Hash`) VALUES ('1977-07-16 23:29:46', '36', 933, '8f88131e834f3c062dfe5845db1e8b9a2d367147');
INSERT INTO `Transactions` (`Transaction_timestamp`, `Transaction_amount`, `Transaction_id`, `Hash`) VALUES ('1998-04-11 11:38:14', '896', 818, '9aa1c5525985aec365be15b0cddd3c016c998fed');
INSERT INTO `Transactions` (`Transaction_timestamp`, `Transaction_amount`, `Transaction_id`, `Hash`) VALUES ('2018-06-06 22:42:53', '490', 668, 'bbcc688cc389b38fae3938942e3807bd10fc794b');
INSERT INTO `Transactions` (`Transaction_timestamp`, `Transaction_amount`, `Transaction_id`, `Hash`) VALUES ('1977-07-11 16:04:40', '957', 882, '37b9c1d4ec38028f6b5010661fb55aa6f0087aa6');
INSERT INTO `Transactions` (`Transaction_timestamp`, `Transaction_amount`, `Transaction_id`, `Hash`) VALUES ('2016-08-05 09:19:57', '74', 710, '5cfda442116e34ad178ec55ba7f93ea1c1dd1231');
INSERT INTO `Transactions` (`Transaction_timestamp`, `Transaction_amount`, `Transaction_id`, `Hash`) VALUES ('1970-06-14 12:54:20', '696', 903, 'dc8313251fc26886ccac1479ca5f0eb0623f2fb0');
INSERT INTO `Transactions` (`Transaction_timestamp`, `Transaction_amount`, `Transaction_id`, `Hash`) VALUES ('1971-06-03 19:17:25', '862', 673, '02d1263059a338f29b98d247b5541092902d2577');
INSERT INTO `Transactions` (`Transaction_timestamp`, `Transaction_amount`, `Transaction_id`, `Hash`) VALUES ('2002-05-20 06:23:21', '181', 762, 'f442f346231cc1d166e2d117533e55b3f178774d');
INSERT INTO `Transactions` (`Transaction_timestamp`, `Transaction_amount`, `Transaction_id`, `Hash`) VALUES ('1975-09-26 12:34:43', '810', 781, 'edb7d2d47c727fef696924daf2ac83bc76a9cd1f');
INSERT INTO `Transactions` (`Transaction_timestamp`, `Transaction_amount`, `Transaction_id`, `Hash`) VALUES ('2013-06-11 19:29:43', '25', 659, '9c37df38cc365b0be86902f78cb89dfa207432d7');
INSERT INTO `Transactions` (`Transaction_timestamp`, `Transaction_amount`, `Transaction_id`, `Hash`) VALUES ('1990-11-05 11:51:26', '902', 724, 'bc30996dc5c70581e923dad2bcd4462f06c00102');
INSERT INTO `Transactions` (`Transaction_timestamp`, `Transaction_amount`, `Transaction_id`, `Hash`) VALUES ('1979-05-17 19:47:47', '927', 777, 'dea5f069025a62f11e963ac53791566dd33cc5b5');
INSERT INTO `Transactions` (`Transaction_timestamp`, `Transaction_amount`, `Transaction_id`, `Hash`) VALUES ('2014-04-03 06:43:29', '843', 729, '5adbbe83fb1258fe1b9a7623d82e08f5822c6e92');
INSERT INTO `Transactions` (`Transaction_timestamp`, `Transaction_amount`, `Transaction_id`, `Hash`) VALUES ('1988-05-31 16:34:35', '951', 576, '692e49ad3ac6017a856842f89f8949754c6930ad');
INSERT INTO `Transactions` (`Transaction_timestamp`, `Transaction_amount`, `Transaction_id`, `Hash`) VALUES ('2009-12-26 16:17:11', '105', 969, 'bc217dc890bdc4e9f2fd809ccab779c0c48ba647');
INSERT INTO `Transactions` (`Transaction_timestamp`, `Transaction_amount`, `Transaction_id`, `Hash`) VALUES ('2008-10-18 14:51:14', '17', 927, '80e83627413d119cbecf9b5eceb5c0e308e5f1e2');
INSERT INTO `Transactions` (`Transaction_timestamp`, `Transaction_amount`, `Transaction_id`, `Hash`) VALUES ('2018-05-18 20:52:45', '905', 703, '47cc98dd0632f47613e9d1c1c4c590243acc0d93');
INSERT INTO `Transactions` (`Transaction_timestamp`, `Transaction_amount`, `Transaction_id`, `Hash`) VALUES ('2000-11-13 16:17:40', '318', 930, '45bda92663a53a6933b13d02061b3dc476c15f99');
INSERT INTO `Transactions` (`Transaction_timestamp`, `Transaction_amount`, `Transaction_id`, `Hash`) VALUES ('1995-09-13 11:12:49', '852', 763, '3d303d88ae66b86acd2dd23d3930823e2dfbfd11');
INSERT INTO `Transactions` (`Transaction_timestamp`, `Transaction_amount`, `Transaction_id`, `Hash`) VALUES ('1971-09-21 07:31:19', '847', 534, '62c746c0afec8d5258f0be33c30369c0745687a7');
INSERT INTO `Transactions` (`Transaction_timestamp`, `Transaction_amount`, `Transaction_id`, `Hash`) VALUES ('2007-04-22 01:16:12', '894', 793, '61a8e4c0d7edb73b41c6e393ce151849e40a852f');
INSERT INTO `Transactions` (`Transaction_timestamp`, `Transaction_amount`, `Transaction_id`, `Hash`) VALUES ('1998-12-02 22:30:08', '27', 549, '0067aeb45dc9ef7976df1ed130e970b560bdff4a');
INSERT INTO `Transactions` (`Transaction_timestamp`, `Transaction_amount`, `Transaction_id`, `Hash`) VALUES ('1989-05-21 23:58:54', '217', 764, 'c83c49afac1d6e57f4438a6481be8882e4089c1d');
INSERT INTO `Transactions` (`Transaction_timestamp`, `Transaction_amount`, `Transaction_id`, `Hash`) VALUES ('1984-08-20 11:19:09', '252', 900, '4cb359f5efbce4de6c2ae144a177b981020e020b');
INSERT INTO `Transactions` (`Transaction_timestamp`, `Transaction_amount`, `Transaction_id`, `Hash`) VALUES ('1984-11-28 12:34:40', '324', 591, '0bf7f85718c32adc53ad92fdd1c56e18b0119769');
INSERT INTO `Transactions` (`Transaction_timestamp`, `Transaction_amount`, `Transaction_id`, `Hash`) VALUES ('2000-01-08 01:18:58', '869', 949, 'f03c392cda03c8d18d26ceb65f398112c12ceb1e');
INSERT INTO `Transactions` (`Transaction_timestamp`, `Transaction_amount`, `Transaction_id`, `Hash`) VALUES ('2001-02-01 17:56:42', '187', 736, '54ea4c60b818d04cbcea982820514e9f873d589f');
INSERT INTO `Transactions` (`Transaction_timestamp`, `Transaction_amount`, `Transaction_id`, `Hash`) VALUES ('2018-04-12 16:51:45', '685', 963, '73cd3cf09590da0479ce9d02ecfb63cd370c14eb');
INSERT INTO `Transactions` (`Transaction_timestamp`, `Transaction_amount`, `Transaction_id`, `Hash`) VALUES ('1988-08-02 16:54:33', '769', 662, '682ead5219317c38304b77fae62b41ab1ab6e075');
INSERT INTO `Transactions` (`Transaction_timestamp`, `Transaction_amount`, `Transaction_id`, `Hash`) VALUES ('1970-01-05 12:25:11', '338', 748, 'ef7892c55281229954bcc9991263a479cac77de8');
INSERT INTO `Transactions` (`Transaction_timestamp`, `Transaction_amount`, `Transaction_id`, `Hash`) VALUES ('2015-07-20 12:34:31', '971', 572, '9ad94b6c6390a993a552771a3d82e757cb1ff7ce');
INSERT INTO `Transactions` (`Transaction_timestamp`, `Transaction_amount`, `Transaction_id`, `Hash`) VALUES ('1989-04-27 01:15:15', '989', 649, 'b5758885e3ac5ec9b667b7a676c4e0feb8178033');
INSERT INTO `Transactions` (`Transaction_timestamp`, `Transaction_amount`, `Transaction_id`, `Hash`) VALUES ('2014-08-11 22:50:06', '525', 811, '68effbc741e9c870f8dd72c972a77eec2dc7b400');
INSERT INTO `Transactions` (`Transaction_timestamp`, `Transaction_amount`, `Transaction_id`, `Hash`) VALUES ('1981-02-08 15:51:11', '675', 806, '2014c334b2bae1af575484eb26f4044107738479');
INSERT INTO `Transactions` (`Transaction_timestamp`, `Transaction_amount`, `Transaction_id`, `Hash`) VALUES ('2003-12-07 04:57:49', '19', 822, 'e4602c97cbdabcc47164937201f260d6ed87a3d7');
INSERT INTO `Transactions` (`Transaction_timestamp`, `Transaction_amount`, `Transaction_id`, `Hash`) VALUES ('1989-07-14 18:48:04', '458', 716, '76742989ca61a3b0d6827a41d8d60185038b0bc0');
INSERT INTO `Transactions` (`Transaction_timestamp`, `Transaction_amount`, `Transaction_id`, `Hash`) VALUES ('1970-01-30 14:36:07', '740', 698, '11cdaf934ad0b1511cb6849e58d7407532a2f51b');
INSERT INTO `Transactions` (`Transaction_timestamp`, `Transaction_amount`, `Transaction_id`, `Hash`) VALUES ('2013-04-21 07:57:07', '344', 830, 'a62387e3d93dbc4aa31eac52744c0ed06df5d0e3');
INSERT INTO `Transactions` (`Transaction_timestamp`, `Transaction_amount`, `Transaction_id`, `Hash`) VALUES ('2007-06-26 12:40:27', '948', 632, '285ee821ecbd079cb232d35446e4b7016e931ffb');
INSERT INTO `Transactions` (`Transaction_timestamp`, `Transaction_amount`, `Transaction_id`, `Hash`) VALUES ('1992-12-25 22:15:07', '709', 502, '3924d86c160ed1c2c735d4c9571b5f37f0101bf3');
INSERT INTO `Transactions` (`Transaction_timestamp`, `Transaction_amount`, `Transaction_id`, `Hash`) VALUES ('1988-08-13 03:22:29', '14', 831, '1655d5c29a4486eb96a89200f7b387802f4f6ba0');
INSERT INTO `Transactions` (`Transaction_timestamp`, `Transaction_amount`, `Transaction_id`, `Hash`) VALUES ('2005-03-20 19:56:56', '461', 974, 'fb7da32b5e18b629353ea38c6f494bd4512bb0a5');
INSERT INTO `Transactions` (`Transaction_timestamp`, `Transaction_amount`, `Transaction_id`, `Hash`) VALUES ('2012-10-23 04:04:41', '806', 535, 'd8d5a0c2183f5b1c2100b24cff30ea40c34ec9e6');
INSERT INTO `Transactions` (`Transaction_timestamp`, `Transaction_amount`, `Transaction_id`, `Hash`) VALUES ('2007-10-02 00:04:18', '842', 559, 'c6bf700347882784b08a0edcd5ab529fd860c65a');
INSERT INTO `Transactions` (`Transaction_timestamp`, `Transaction_amount`, `Transaction_id`, `Hash`) VALUES ('1988-10-03 05:21:47', '270', 840, 'b70eff2f813f3aa373f3fc308207f22ee1889d2b');
INSERT INTO `Transactions` (`Transaction_timestamp`, `Transaction_amount`, `Transaction_id`, `Hash`) VALUES ('1992-06-12 16:26:38', '736', 959, '049ec1a03455f32dc8661cd55b896e1cb97c66dc');
INSERT INTO `Transactions` (`Transaction_timestamp`, `Transaction_amount`, `Transaction_id`, `Hash`) VALUES ('1999-07-31 00:57:57', '326', 661, 'a5c13cf5a3dad054d39653ffb13f0a3e28355e16');
INSERT INTO `Transactions` (`Transaction_timestamp`, `Transaction_amount`, `Transaction_id`, `Hash`) VALUES ('2006-10-03 06:55:26', '754', 653, '9618f003692a6b5507a554ed1c8fe33d811cef9d');
INSERT INTO `Transactions` (`Transaction_timestamp`, `Transaction_amount`, `Transaction_id`, `Hash`) VALUES ('1986-09-13 05:31:18', '509', 742, '1bbe5616897c7fc3e6f5b57cacda6ff4c7f7e7b4');
INSERT INTO `Transactions` (`Transaction_timestamp`, `Transaction_amount`, `Transaction_id`, `Hash`) VALUES ('2006-05-28 16:44:57', '463', 657, 'eaa091993c5f0864a4d2ed02457701f627be5bc8');
INSERT INTO `Transactions` (`Transaction_timestamp`, `Transaction_amount`, `Transaction_id`, `Hash`) VALUES ('1977-04-29 12:39:40', '879', 854, 'ec52bebf1e5331d18ee68278f89a7d1996a2f8e6');
INSERT INTO `Transactions` (`Transaction_timestamp`, `Transaction_amount`, `Transaction_id`, `Hash`) VALUES ('1984-04-08 19:03:30', '823', 539, 'ddf34ed9028692e49adeeb3e43218558fe43b098');
INSERT INTO `Transactions` (`Transaction_timestamp`, `Transaction_amount`, `Transaction_id`, `Hash`) VALUES ('1998-08-07 12:50:04', '390', 658, '7677c998ed0655d262b2ffbe94fc5bda075c56f8');
INSERT INTO `Transactions` (`Transaction_timestamp`, `Transaction_amount`, `Transaction_id`, `Hash`) VALUES ('1974-04-19 13:51:57', '768', 675, '566ff432e81e6c1b7f9c11f9e060c54fa3992e2a');
INSERT INTO `Transactions` (`Transaction_timestamp`, `Transaction_amount`, `Transaction_id`, `Hash`) VALUES ('2015-05-27 18:41:46', '624', 888, '23d50b4ca7a851c2cebb56bd9ee2828baf4d67f1');
INSERT INTO `Transactions` (`Transaction_timestamp`, `Transaction_amount`, `Transaction_id`, `Hash`) VALUES ('2014-05-16 23:21:21', '287', 954, 'd781ee34c791b25aa3e3983ab4c6471c2087b85f');
INSERT INTO `Transactions` (`Transaction_timestamp`, `Transaction_amount`, `Transaction_id`, `Hash`) VALUES ('2004-09-05 10:48:33', '968', 599, 'a3d7217c08c53271756cb35986832ab061fc7a76');
INSERT INTO `Transactions` (`Transaction_timestamp`, `Transaction_amount`, `Transaction_id`, `Hash`) VALUES ('1985-01-22 19:11:18', '157', 515, '4a6fcf3c978c5eceb57215c8c5434115e1738539');
INSERT INTO `Transactions` (`Transaction_timestamp`, `Transaction_amount`, `Transaction_id`, `Hash`) VALUES ('2013-11-10 10:22:36', '170', 522, '95fddb662ebe4c8c0b0a53816c4a8d10c4abccd0');
INSERT INTO `Transactions` (`Transaction_timestamp`, `Transaction_amount`, `Transaction_id`, `Hash`) VALUES ('1989-04-25 12:12:11', '517', 976, '7da01cda31eaf772e9ff09ecce500b80b7589118');
INSERT INTO `Transactions` (`Transaction_timestamp`, `Transaction_amount`, `Transaction_id`, `Hash`) VALUES ('1984-06-20 16:08:21', '923', 726, '3610e10d26ab74f406dc36d8756f00c5fda1cce8');
INSERT INTO `Transactions` (`Transaction_timestamp`, `Transaction_amount`, `Transaction_id`, `Hash`) VALUES ('1987-04-27 23:15:14', '131', 665, '57173d093cc4394a76f7ea64fe67d6dca0e81443');
INSERT INTO `Transactions` (`Transaction_timestamp`, `Transaction_amount`, `Transaction_id`, `Hash`) VALUES ('2007-09-27 20:12:42', '679', 934, '5a69246832f685451b30c1bec878fb00f1a43119');
INSERT INTO `Transactions` (`Transaction_timestamp`, `Transaction_amount`, `Transaction_id`, `Hash`) VALUES ('1984-09-18 01:50:05', '169', 932, '9064382bbb9f6a51da9cfa2278e0c634cae13845');
INSERT INTO `Transactions` (`Transaction_timestamp`, `Transaction_amount`, `Transaction_id`, `Hash`) VALUES ('1996-07-04 16:35:34', '608', 990, '4653e1d669418760744836ac81f5f972b3486f57');
INSERT INTO `Transactions` (`Transaction_timestamp`, `Transaction_amount`, `Transaction_id`, `Hash`) VALUES ('2018-04-01 14:54:03', '484', 688, '02595fe33b3195d377fbe44dabeb7c89f1e26a58');
INSERT INTO `Transactions` (`Transaction_timestamp`, `Transaction_amount`, `Transaction_id`, `Hash`) VALUES ('1987-03-12 23:19:26', '244', 912, '62d81c8307c1458f7254d0b01db201a6a7e5fa6e');
INSERT INTO `Transactions` (`Transaction_timestamp`, `Transaction_amount`, `Transaction_id`, `Hash`) VALUES ('1974-03-17 20:06:05', '663', 700, '351e3484844dce022d6e450517cc0414a556b28a');
INSERT INTO `Transactions` (`Transaction_timestamp`, `Transaction_amount`, `Transaction_id`, `Hash`) VALUES ('2011-08-27 06:46:14', '240', 878, 'e77f90e60e24143c69ad124f0f18cf5c7c90bf1a');
INSERT INTO `Transactions` (`Transaction_timestamp`, `Transaction_amount`, `Transaction_id`, `Hash`) VALUES ('1996-03-13 05:38:03', '600', 520, 'f62d79620f96a8c37d93c035034cb770c6c35319');
INSERT INTO `Transactions` (`Transaction_timestamp`, `Transaction_amount`, `Transaction_id`, `Hash`) VALUES ('2017-01-23 09:43:22', '718', 528, 'cee38270eed99881795c66708adf55894fe48316');
INSERT INTO `Transactions` (`Transaction_timestamp`, `Transaction_amount`, `Transaction_id`, `Hash`) VALUES ('1977-06-24 14:07:54', '30', 682, 'a0ef6737806688bfbce28857c4764df13bfeefab');
INSERT INTO `Transactions` (`Transaction_timestamp`, `Transaction_amount`, `Transaction_id`, `Hash`) VALUES ('1995-07-04 15:54:59', '808', 733, 'bc729c6b574b708ec57bdfa68a807d5c26e889d9');
INSERT INTO `Transactions` (`Transaction_timestamp`, `Transaction_amount`, `Transaction_id`, `Hash`) VALUES ('2010-09-11 05:02:36', '949', 663, '3dd3c670355c273d52a30fb839d79df9167f94e6');
INSERT INTO `Transactions` (`Transaction_timestamp`, `Transaction_amount`, `Transaction_id`, `Hash`) VALUES ('1994-10-24 08:04:31', '559', 533, '1f985714201c9066b2e7406fd928201fc4cbfb16');
INSERT INTO `Transactions` (`Transaction_timestamp`, `Transaction_amount`, `Transaction_id`, `Hash`) VALUES ('1998-02-06 19:56:35', '80', 713, 'fb76542b829ce57fad560a07995751323aa067ca');
INSERT INTO `Transactions` (`Transaction_timestamp`, `Transaction_amount`, `Transaction_id`, `Hash`) VALUES ('2012-04-27 08:08:19', '874', 951, 'f1fe99ca44f270b9f59e80c9b6a9b0295b02e85b');
INSERT INTO `Transactions` (`Transaction_timestamp`, `Transaction_amount`, `Transaction_id`, `Hash`) VALUES ('2013-07-06 13:58:28', '92', 516, '38a46c9cd695fa88e145681f4c65b6b5f9701875');
INSERT INTO `Transactions` (`Transaction_timestamp`, `Transaction_amount`, `Transaction_id`, `Hash`) VALUES ('1970-01-10 19:11:42', '618', 782, 'e523f1cd43748c6b0fb81e8345619ad2da34d3a7');
INSERT INTO `Transactions` (`Transaction_timestamp`, `Transaction_amount`, `Transaction_id`, `Hash`) VALUES ('1982-08-04 18:05:35', '921', 813, '9a8f5bc8e05c6adc83d330414883d7e6bb63e353');


#
# TABLE STRUCTURE FOR: Users
#

DROP TABLE IF EXISTS `Users`;

CREATE TABLE `Users` (
  `User_id` int(11) DEFAULT NULL,
  `User_name` text DEFAULT NULL
) ENGINE=InnoDB DEFAULT CHARSET=utf8mb4;

INSERT INTO `Users` (`User_id`, `User_name`) VALUES (311, 'Claudie Welch');
INSERT INTO `Users` (`User_id`, `User_name`) VALUES (319, 'Dr. Joel Lakin I');
INSERT INTO `Users` (`User_id`, `User_name`) VALUES (393, 'Prof. Florence Kutch V');
INSERT INTO `Users` (`User_id`, `User_name`) VALUES (385, 'Prof. Al Kirlin V');
INSERT INTO `Users` (`User_id`, `User_name`) VALUES (361, 'Prof. Delmer Schamberger DDS');
INSERT INTO `Users` (`User_id`, `User_name`) VALUES (337, 'Francisco Jakubowski');
INSERT INTO `Users` (`User_id`, `User_name`) VALUES (354, 'Kobe Spinka');
INSERT INTO `Users` (`User_id`, `User_name`) VALUES (398, 'Vern Quigley Sr.');
INSERT INTO `Users` (`User_id`, `User_name`) VALUES (350, 'Mrs. Gloria Mosciski');
INSERT INTO `Users` (`User_id`, `User_name`) VALUES (381, 'Katheryn Schaden');
INSERT INTO `Users` (`User_id`, `User_name`) VALUES (320, 'Calista Anderson Jr.');
INSERT INTO `Users` (`User_id`, `User_name`) VALUES (388, 'Ms. Lea Adams V');
INSERT INTO `Users` (`User_id`, `User_name`) VALUES (333, 'Will Roob');
INSERT INTO `Users` (`User_id`, `User_name`) VALUES (383, 'Dr. Nola Parker II');
INSERT INTO `Users` (`User_id`, `User_name`) VALUES (352, 'Kailyn Satterfield');
INSERT INTO `Users` (`User_id`, `User_name`) VALUES (384, 'Leonard Yost');
INSERT INTO `Users` (`User_id`, `User_name`) VALUES (374, 'Esperanza O\'Kon');
INSERT INTO `Users` (`User_id`, `User_name`) VALUES (368, 'Mrs. Aracely Cormier');
INSERT INTO `Users` (`User_id`, `User_name`) VALUES (353, 'Elva Schmeler');
INSERT INTO `Users` (`User_id`, `User_name`) VALUES (356, 'Edgar Kuhic');
INSERT INTO `Users` (`User_id`, `User_name`) VALUES (312, 'Ona Lehner IV');
INSERT INTO `Users` (`User_id`, `User_name`) VALUES (326, 'Jermain Mueller I');
INSERT INTO `Users` (`User_id`, `User_name`) VALUES (364, 'Miss Fleta Mills');
INSERT INTO `Users` (`User_id`, `User_name`) VALUES (376, 'Jerrold Leffler');
INSERT INTO `Users` (`User_id`, `User_name`) VALUES (346, 'Rico Rosenbaum');
INSERT INTO `Users` (`User_id`, `User_name`) VALUES (382, 'Emmett Nitzsche III');
INSERT INTO `Users` (`User_id`, `User_name`) VALUES (399, 'Alayna Heaney Sr.');
INSERT INTO `Users` (`User_id`, `User_name`) VALUES (318, 'Nat Gutkowski');
INSERT INTO `Users` (`User_id`, `User_name`) VALUES (367, 'Dr. Harvey Weimann Sr.');
INSERT INTO `Users` (`User_id`, `User_name`) VALUES (334, 'Cullen Boehm');
INSERT INTO `Users` (`User_id`, `User_name`) VALUES (362, 'Shemar Mills');
INSERT INTO `Users` (`User_id`, `User_name`) VALUES (386, 'Deonte McCullough');
INSERT INTO `Users` (`User_id`, `User_name`) VALUES (332, 'Burley Jaskolski');
INSERT INTO `Users` (`User_id`, `User_name`) VALUES (310, 'Dr. Zora Mann PhD');
INSERT INTO `Users` (`User_id`, `User_name`) VALUES (360, 'Dr. Jaron Emard');
INSERT INTO `Users` (`User_id`, `User_name`) VALUES (330, 'Mr. Jalon D\'Amore');
INSERT INTO `Users` (`User_id`, `User_name`) VALUES (336, 'Mrs. Ericka White DVM');
INSERT INTO `Users` (`User_id`, `User_name`) VALUES (345, 'Lina Welch PhD');
INSERT INTO `Users` (`User_id`, `User_name`) VALUES (371, 'Cordie Paucek');
INSERT INTO `Users` (`User_id`, `User_name`) VALUES (355, 'Mallory Schaden DVM');
INSERT INTO `Users` (`User_id`, `User_name`) VALUES (389, 'Jailyn Schultz');
INSERT INTO `Users` (`User_id`, `User_name`) VALUES (328, 'Vincenza Oberbrunner');
INSERT INTO `Users` (`User_id`, `User_name`) VALUES (400, 'Alden Larson');
INSERT INTO `Users` (`User_id`, `User_name`) VALUES (335, 'Camron Rolfson PhD');
INSERT INTO `Users` (`User_id`, `User_name`) VALUES (305, 'Olen DuBuque');
INSERT INTO `Users` (`User_id`, `User_name`) VALUES (342, 'Lisandro Kessler');
INSERT INTO `Users` (`User_id`, `User_name`) VALUES (324, 'Dr. Dina Hane');
INSERT INTO `Users` (`User_id`, `User_name`) VALUES (316, 'Mrs. Precious O\'Hara');
INSERT INTO `Users` (`User_id`, `User_name`) VALUES (322, 'Monte Wiza');
INSERT INTO `Users` (`User_id`, `User_name`) VALUES (358, 'Austyn Kirlin III');
INSERT INTO `Users` (`User_id`, `User_name`) VALUES (349, 'Lukas Nienow');
INSERT INTO `Users` (`User_id`, `User_name`) VALUES (365, 'Emile Mraz');
INSERT INTO `Users` (`User_id`, `User_name`) VALUES (378, 'Eli Bernhard');
INSERT INTO `Users` (`User_id`, `User_name`) VALUES (306, 'Velda Braun Sr.');
INSERT INTO `Users` (`User_id`, `User_name`) VALUES (366, 'Dillon Littel');
INSERT INTO `Users` (`User_id`, `User_name`) VALUES (331, 'Mr. Sebastian Mayert MD');
INSERT INTO `Users` (`User_id`, `User_name`) VALUES (323, 'Grover Price');
INSERT INTO `Users` (`User_id`, `User_name`) VALUES (309, 'Mr. Omari Wiegand MD');
INSERT INTO `Users` (`User_id`, `User_name`) VALUES (327, 'Mr. Mervin Kozey I');
INSERT INTO `Users` (`User_id`, `User_name`) VALUES (351, 'Adalberto Monahan');
INSERT INTO `Users` (`User_id`, `User_name`) VALUES (373, 'Oren D\'Amore');
INSERT INTO `Users` (`User_id`, `User_name`) VALUES (359, 'Natasha Bernhard');
INSERT INTO `Users` (`User_id`, `User_name`) VALUES (308, 'Charlotte Kozey Jr.');
INSERT INTO `Users` (`User_id`, `User_name`) VALUES (363, 'Erna Fritsch');
INSERT INTO `Users` (`User_id`, `User_name`) VALUES (372, 'Nicolette Schroeder');
INSERT INTO `Users` (`User_id`, `User_name`) VALUES (341, 'Prof. Mckenzie Windler');
INSERT INTO `Users` (`User_id`, `User_name`) VALUES (395, 'Pauline Dietrich');
INSERT INTO `Users` (`User_id`, `User_name`) VALUES (357, 'Karl Green V');
INSERT INTO `Users` (`User_id`, `User_name`) VALUES (390, 'Branson Flatley');
INSERT INTO `Users` (`User_id`, `User_name`) VALUES (338, 'Makayla Hilll');
INSERT INTO `Users` (`User_id`, `User_name`) VALUES (392, 'Hermina West');
INSERT INTO `Users` (`User_id`, `User_name`) VALUES (377, 'Dr. Vernice Mante MD');
INSERT INTO `Users` (`User_id`, `User_name`) VALUES (315, 'Prof. Solon Labadie DVM');
INSERT INTO `Users` (`User_id`, `User_name`) VALUES (344, 'Bettie Fadel');
INSERT INTO `Users` (`User_id`, `User_name`) VALUES (397, 'Florencio Walker MD');
INSERT INTO `Users` (`User_id`, `User_name`) VALUES (394, 'Grayson Rutherford');
INSERT INTO `Users` (`User_id`, `User_name`) VALUES (317, 'Kyleigh Cormier');
INSERT INTO `Users` (`User_id`, `User_name`) VALUES (396, 'Dr. Gabe Legros IV');
INSERT INTO `Users` (`User_id`, `User_name`) VALUES (339, 'Earlene Hane');
INSERT INTO `Users` (`User_id`, `User_name`) VALUES (391, 'Major Price');
INSERT INTO `Users` (`User_id`, `User_name`) VALUES (347, 'Hiram Schamberger');
INSERT INTO `Users` (`User_id`, `User_name`) VALUES (369, 'Dewayne Hessel');
INSERT INTO `Users` (`User_id`, `User_name`) VALUES (387, 'Mitchell Hansen');
INSERT INTO `Users` (`User_id`, `User_name`) VALUES (370, 'Felicity Kunze');
INSERT INTO `Users` (`User_id`, `User_name`) VALUES (329, 'Cristopher Bins');
INSERT INTO `Users` (`User_id`, `User_name`) VALUES (313, 'Mr. Rhiannon Goyette PhD');
INSERT INTO `Users` (`User_id`, `User_name`) VALUES (375, 'Francisca Spinka');
INSERT INTO `Users` (`User_id`, `User_name`) VALUES (325, 'Lionel Prohaska');
INSERT INTO `Users` (`User_id`, `User_name`) VALUES (343, 'Ursula Wilkinson');
INSERT INTO `Users` (`User_id`, `User_name`) VALUES (303, 'Rollin Paucek');
INSERT INTO `Users` (`User_id`, `User_name`) VALUES (340, 'Dr. Boris Wiegand');
INSERT INTO `Users` (`User_id`, `User_name`) VALUES (314, 'Dr. Katrine Morissette');
INSERT INTO `Users` (`User_id`, `User_name`) VALUES (302, 'Kasey Lehner');
INSERT INTO `Users` (`User_id`, `User_name`) VALUES (301, 'Jaylen Bartoletti');
INSERT INTO `Users` (`User_id`, `User_name`) VALUES (307, 'Dahlia Cole');
INSERT INTO `Users` (`User_id`, `User_name`) VALUES (304, 'Scot Littel');
INSERT INTO `Users` (`User_id`, `User_name`) VALUES (379, 'Brennon Nader');
INSERT INTO `Users` (`User_id`, `User_name`) VALUES (348, 'Tremayne Hoeger');
INSERT INTO `Users` (`User_id`, `User_name`) VALUES (321, 'Orpha Bednar');
INSERT INTO `Users` (`User_id`, `User_name`) VALUES (380, 'Dr. Hollis Frami');


