#
# TABLE STRUCTURE FOR: Canteen
#

DROP DATABASE IF EXISTS `canteen`;
CREATE DATABASE `canteen`;
USE `canteen`;

-- Generation time: Thu, 08 Nov 2018 12:43:08 +0000
-- Host: mysql.hostinger.ro
-- DB name: u574849695_24
/*!40030 SET NAMES UTF8 */;
/*!40101 SET @OLD_CHARACTER_SET_CLIENT=@@CHARACTER_SET_CLIENT */;
/*!40101 SET @OLD_CHARACTER_SET_RESULTS=@@CHARACTER_SET_RESULTS */;
/*!40101 SET @OLD_COLLATION_CONNECTION=@@COLLATION_CONNECTION */;
/*!40103 SET @OLD_TIME_ZONE=@@TIME_ZONE */;
/*!40103 SET TIME_ZONE='+00:00' */;
/*!40014 SET @OLD_UNIQUE_CHECKS=@@UNIQUE_CHECKS, UNIQUE_CHECKS=0 */;
/*!40014 SET @OLD_FOREIGN_KEY_CHECKS=@@FOREIGN_KEY_CHECKS, FOREIGN_KEY_CHECKS=0 */;
/*!40101 SET @OLD_SQL_MODE=@@SQL_MODE, SQL_MODE='NO_AUTO_VALUE_ON_ZERO' */;
/*!40111 SET @OLD_SQL_NOTES=@@SQL_NOTES, SQL_NOTES=0 */;

DROP TABLE IF EXISTS `Canteen`;
CREATE TABLE `Canteen` (
  `Canteen_id` int(11) NOT NULL AUTO_INCREMENT,
  `Canteen_name` text DEFAULT NULL,
  `Owner_id` int(11) DEFAULT NULL,
  PRIMARY KEY (`Canteen_id`)
) ENGINE=InnoDB AUTO_INCREMENT=101 DEFAULT CHARSET=utf8mb4;

INSERT INTO `Canteen` VALUES ('1','Aidan Courts','22'),
('2','Reilly Fork','84'),
('3','Mariah Roads','36'),
('4','Kilback Skyway','39'),
('5','Treutel Oval','76'),
('6','Duane Ports','80'),
('7','O\'Reilly Ports','73'),
('8','Botsford Stravenue','86'),
('9','Zack Lodge','9'),
('10','Raymundo Street','54'),
('11','Feest Camp','27'),
('12','Noah Fords','38'),
('13','Kris Shores','81'),
('14','Walter Plain','75'),
('15','Harley Plain','35'),
('16','Batz Court','99'),
('17','Davis Mountain','20'),
('18','Lindgren Manors','55'),
('19','Becker Heights','92'),
('20','Monte Green','45'),
('21','Gorczany Track','33'),
('22','Maureen Plains','37'),
('23','Erdman Throughway','72'),
('24','Raina Curve','48'),
('25','Stewart Crest','25'),
('26','Reggie Squares','71'),
('27','Leonel Lodge','51'),
('28','Smith Stream','16'),
('29','Osinski Mills','3'),
('30','Murazik Cove','59'),
('31','Bernhard Locks','32'),
('32','Buckridge Hills','57'),
('33','Ankunding Mall','30'),
('34','Kadin Expressway','69'),
('35','Lew Flat','14'),
('36','Ankunding Inlet','62'),
('37','Hailie Loop','85'),
('38','Burley Cape','87'),
('39','Windler Vista','8'),
('40','Justine Spurs','18'),
('41','Katheryn Falls','43'),
('42','Benton Rue','68'),
('43','Watsica Ferry','66'),
('44','Kayden Rapids','70'),
('45','Harber Crossing','49'),
('46','Kautzer Brooks','41'),
('47','Cathy Cliff','34'),
('48','Kemmer Manor','90'),
('49','Thiel Pike','23'),
('50','Swift Prairie','24'),
('51','Muller Trace','82'),
('52','Emily Oval','7'),
('53','Cletus Common','4'),
('54','Isaiah Station','63'),
('55','Fadel Ports','26'),
('56','Breitenberg Forks','53'),
('57','Wolf Motorway','79'),
('58','Strosin Glens','21'),
('59','Jacobi Plaza','52'),
('60','Kovacek Motorway','97'),
('61','Maxie Rapid','94'),
('62','Robel Garden','31'),
('63','Gottlieb Place','28'),
('64','Jamarcus Gateway','11'),
('65','Hayes Turnpike','95'),
('66','Reece Grove','5'),
('67','Becker Corners','89'),
('68','Fleta Trace','47'),
('69','Nasir Lodge','96'),
('70','Gage Highway','61'),
('71','Beahan Walks','78'),
('72','Maryam Prairie','88'),
('73','Littel Plaza','65'),
('74','Renee Mill','67'),
('75','Selina Meadows','77'),
('76','Rhoda Parkway','98'),
('77','Tristin Center','13'),
('78','Gorczany Cliff','19'),
('79','Jakayla Prairie','56'),
('80','Roselyn Shoals','74'),
('81','Ara Ramp','12'),
('82','Nicolas Junction','100'),
('83','Kuhlman Prairie','42'),
('84','Carroll Centers','17'),
('85','Mertz Crossing','93'),
('86','Legros Forges','60'),
('87','Wilhelm Route','15'),
('88','Adolfo Key','50'),
('89','Pfeffer Ford','44'),
('90','Tillman Spring','2'),
('91','Amaya Trace','83'),
('92','Grimes Port','29'),
('93','Camille Shores','46'),
('94','Emil Skyway','40'),
('95','Joy Isle','1'),
('96','Johnpaul Wall','64'),
('97','Osinski Overpass','91'),
('98','Pasquale Port','10'),
('99','Lynch Springs','6'),
('100','Westley Ford','58'); 



-- Generation time: Sat, 10 Nov 2018 09:51:56 +0000
-- Host: mysql.hostinger.ro
-- DB name: u574849695_24
/*!40030 SET NAMES UTF8 */;
/*!40101 SET @OLD_CHARACTER_SET_CLIENT=@@CHARACTER_SET_CLIENT */;
/*!40101 SET @OLD_CHARACTER_SET_RESULTS=@@CHARACTER_SET_RESULTS */;
/*!40101 SET @OLD_COLLATION_CONNECTION=@@COLLATION_CONNECTION */;
/*!40103 SET @OLD_TIME_ZONE=@@TIME_ZONE */;
/*!40103 SET TIME_ZONE='+00:00' */;
/*!40014 SET @OLD_UNIQUE_CHECKS=@@UNIQUE_CHECKS, UNIQUE_CHECKS=0 */;
/*!40014 SET @OLD_FOREIGN_KEY_CHECKS=@@FOREIGN_KEY_CHECKS, FOREIGN_KEY_CHECKS=0 */;
/*!40101 SET @OLD_SQL_MODE=@@SQL_MODE, SQL_MODE='NO_AUTO_VALUE_ON_ZERO' */;
/*!40111 SET @OLD_SQL_NOTES=@@SQL_NOTES, SQL_NOTES=0 */;

DROP TABLE IF EXISTS `Has`;
CREATE TABLE `Has` (
  `Canteen_id` int(11) DEFAULT NULL,
  `Items_id` int(11) DEFAULT NULL,
  `Has_quantity` int(11) DEFAULT NULL
) ENGINE=InnoDB DEFAULT CHARSET=utf8mb4;

INSERT INTO `Has` VALUES ('90','257','50'),
('17','244','1'),
('93','298','20'),
('66','292','6'),
('73','204','1'),
('54','212','24'),
('4','253','12'),
('34','240','43'),
('50','223','45'),
('47','265','34'),
('69','243','11'),
('99','234','8'),
('12','213','9'),
('21','202','7'),
('58','254','8'),
('65','240','2'),
('49','212','44'),
('58','231','24'),
('37','248','18'),
('46','275','17'),
('41','288','46'),
('18','213','14'),
('95','207','27'),
('34','251','30'),
('84','228','47'),
('69','254','32'),
('67','279','3'),
('59','233','39'),
('79','260','13'),
('26','212','31'),
('22','218','42'),
('73','253','38'),
('24','259','19'),
('23','236','15'),
('63','295','11'),
('31','258','30'),
('21','292','49'),
('28','203','45'),
('13','207','45'),
('49','295','16'),
('56','203','21'),
('93','220','3'),
('99','227','3'),
('88','243','1'),
('61','247','33'),
('33','211','46'),
('17','272','33'),
('5','293','31'),
('53','222','35'),
('25','241','7'),
('18','293','27'),
('24','246','27'),
('34','207','33'),
('76','245','31'),
('32','262','25'),
('73','274','47'),
('34','289','35'),
('74','237','3'),
('95','280','4'),
('2','265','9'),
('6','217','22'),
('5','226','14'),
('29','272','11'),
('38','223','10'),
('13','266','33'),
('86','278','19'),
('56','217','38'),
('50','267','1'),
('30','205','42'),
('23','202','19'),
('92','285','33'),
('87','203','17'),
('24','221','29'),
('25','243','7'),
('89','246','21'),
('6','239','43'),
('10','239','42'),
('94','257','16'),
('8','213','26'),
('43','280','25'),
('25','287','34'),
('83','270','25'),
('12','211','33'),
('67','244','9'),
('91','218','34'),
('72','243','22'),
('54','298','18'),
('39','248','16'),
('80','297','41'),
('47','270','47'),
('19','296','26'),
('68','263','22'),
('57','210','8'),
('51','259','14'),
('62','256','9'),
('60','261','26'),
('19','230','49'),
('10','228','44'),
('76','238','21'),
('10','213','14'),
('72','249','26'),
('53','281','11'),
('43','217','38'),
('32','256','46'),
('39','290','19'),
('99','225','34'),
('50','217','18'),
('43','227','20'),
('26','222','49'),
('24','254','37'),
('11','205','40'),
('99','225','37'),
('36','241','19'),
('69','206','16'),
('82','273','3'),
('90','207','36'),
('38','254','26'),
('67','263','45'),
('88','259','22'),
('25','240','13'),
('49','287','6'),
('79','258','29'),
('55','253','1'),
('82','241','6'),
('62','221','12'),
('45','263','48'),
('40','278','42'),
('7','225','46'),
('39','210','28'),
('59','294','40'),
('18','210','26'),
('72','258','28'),
('36','240','35'),
('55','226','37'),
('30','290','11'),
('39','225','43'),
('74','222','38'),
('86','265','24'),
('90','238','3'),
('2','260','5'),
('73','281','34'),
('12','289','3'),
('81','274','30'),
('30','238','15'),
('77','254','39'),
('64','275','44'),
('12','270','7'),
('82','222','34'),
('58','247','5'),
('81','234','17'),
('61','216','42'),
('76','238','26'),
('18','208','44'),
('36','217','36'),
('93','205','20'),
('54','233','33'),
('96','223','44'),
('13','300','42'),
('85','210','34'),
('56','275','11'),
('2','209','8'),
('10','266','11'),
('16','213','24'),
('26','278','25'),
('70','297','18'),
('1','229','10'),
('71','218','50'),
('94','289','36'),
('33','221','34'),
('62','216','36'),
('35','297','6'),
('81','241','35'),
('96','221','10'),
('58','275','18'),
('75','214','42'),
('88','210','16'),
('16','290','12'),
('41','246','44'),
('32','216','1'),
('24','232','46'),
('64','205','26'),
('18','229','38'),
('16','283','22'),
('9','229','25'),
('13','271','2'),
('92','289','24'),
('79','228','36'),
('43','291','38'),
('48','201','25'),
('3','268','37'),
('27','218','10'),
('47','293','42'),
('70','211','2'),
('91','222','12'),
('12','232','11'),
('24','207','44'),
('98','291','3'),
('31','231','35'),
('24','263','49'),
('7','298','16'),
('34','260','30'),
('34','209','18'),
('94','221','33'),
('32','256','47'),
('11','281','4'),
('98','223','24'),
('85','225','5'),
('71','250','44'),
('11','298','9'),
('12','223','26'),
('93','252','2'),
('42','226','43'),
('81','202','22'),
('55','235','15'),
('18','263','23'),
('58','286','23'),
('55','223','19'),
('82','204','1'),
('84','300','9'),
('68','283','1'),
('8','219','36'),
('72','212','31'),
('39','257','4'),
('53','229','29'),
('26','281','25'),
('77','233','3'),
('98','287','44'),
('38','248','16'),
('27','221','42'),
('13','221','2'),
('14','211','5'),
('8','278','10'),
('12','210','48'),
('10','223','39'),
('97','296','42'),
('10','208','25'),
('95','221','3'),
('39','259','32'),
('49','243','24'),
('21','227','29'),
('94','241','43'),
('94','285','31'),
('30','239','47'),
('78','240','32'),
('84','273','36'),
('21','275','41'),
('55','217','41'),
('42','288','35'),
('86','244','36'),
('8','215','29'),
('47','240','14'),
('16','211','44'),
('43','212','48'),
('53','231','20'),
('62','293','14'),
('13','218','18'),
('47','287','49'),
('68','281','50'),
('36','204','7'),
('50','244','6'),
('62','277','47'),
('80','225','48'),
('29','212','13'),
('85','224','17'),
('93','266','7'),
('25','267','44'),
('9','287','11'),
('91','247','31'),
('97','282','43'),
('85','223','12'),
('96','230','24'),
('11','265','26'),
('16','215','10'),
('28','236','45'),
('19','288','19'),
('6','216','4'),
('90','226','37'),
('43','238','35'),
('63','273','27'),
('88','281','1'),
('1','253','24'),
('60','291','42'),
('10','240','40'),
('13','300','7'),
('95','210','7'),
('18','224','23'),
('48','203','15'),
('6','283','9'),
('37','234','6'),
('1','218','4'),
('17','295','46'),
('57','273','22'),
('73','213','16'),
('42','300','50'),
('100','214','14'),
('92','276','41'),
('73','211','23'),
('14','257','25'),
('73','243','43'),
('81','271','40'),
('50','282','39'),
('76','206','14'),
('88','270','29'),
('95','278','4'),
('8','300','22'),
('62','276','37'),
('37','275','6'),
('18','206','40'),
('33','299','7'),
('86','226','34'),
('36','239','6'),
('40','201','32'),
('76','248','9'),
('43','291','39'),
('62','217','2'),
('45','255','28'),
('39','258','18'),
('24','230','4'),
('39','208','20'),
('75','298','42'),
('15','248','44'),
('21','243','34'),
('93','225','35'),
('70','203','14'),
('75','280','36'),
('41','220','39'),
('26','283','43'),
('34','206','23'),
('34','300','39'),
('18','271','26'),
('85','249','27'),
('9','289','33'),
('15','274','27'),
('85','231','46'),
('41','293','15'),
('38','250','33'),
('93','206','25'),
('87','218','13'),
('2','269','40'),
('54','258','22'),
('16','287','9'),
('5','218','2'),
('46','230','35'),
('11','216','29'),
('69','202','16'),
('31','254','28'),
('19','273','16'),
('95','265','36'),
('75','281','36'),
('46','269','48'),
('57','230','14'),
('70','282','22'),
('81','280','39'),
('92','207','33'),
('36','207','19'),
('44','250','49'),
('1','273','18'),
('33','283','47'),
('22','223','18'),
('56','239','30'),
('44','209','28'),
('5','268','42'),
('7','215','39'),
('78','226','29'),
('8','271','9'),
('76','275','17'),
('98','228','40'),
('66','248','31'),
('59','258','18'),
('17','258','32'),
('6','268','47'),
('22','289','22'),
('12','214','23'),
('28','244','28'),
('30','263','3'),
('43','221','37'),
('83','296','36'),
('5','291','40'),
('85','201','50'),
('46','222','48'),
('52','234','24'),
('21','284','40'),
('65','277','38'),
('64','292','47'),
('18','287','26'),
('87','291','8'),
('29','224','34'),
('21','254','37'),
('61','239','28'),
('82','280','8'),
('33','285','31'),
('89','270','7'),
('89','245','45'),
('65','218','46'),
('83','212','8'),
('43','248','48'),
('33','268','29'),
('61','276','48'),
('57','230','24'),
('3','270','43'),
('50','201','8'),
('95','268','8'),
('35','241','43'),
('37','227','26'),
('36','258','6'),
('14','213','50'),
('97','213','5'),
('91','262','15'),
('30','227','21'),
('71','255','16'),
('61','204','50'),
('6','257','9'),
('17','211','14'),
('2','280','40'),
('75','290','35'),
('75','225','28'),
('2','289','36'),
('52','263','3'),
('8','226','25'),
('71','239','10'),
('56','263','42'),
('54','224','22'),
('93','206','26'),
('12','214','50'),
('98','287','9'),
('66','234','43'),
('6','284','46'),
('24','256','15'),
('46','278','6'),
('13','295','30'),
('83','254','34'),
('7','203','36'),
('95','272','32'),
('38','205','11'),
('34','253','3'),
('70','233','47'),
('98','296','40'),
('67','261','20'),
('95','220','2'),
('95','215','45'),
('23','262','13'),
('21','243','13'),
('27','279','11'),
('31','280','25'),
('100','249','46'),
('44','288','1'),
('23','277','3'),
('8','247','7'),
('29','262','47'),
('61','204','40'),
('63','231','9'),
('86','229','27'),
('95','251','20'),
('89','207','24'),
('49','220','23'),
('11','276','47'),
('65','271','14'),
('89','285','2'),
('43','220','3'),
('74','287','17'),
('78','201','31'),
('34','267','22'),
('53','205','43'),
('86','209','1'),
('11','278','23'),
('28','236','35'),
('76','281','18'),
('29','256','43'),
('82','294','33'),
('57','246','37'),
('54','291','41'),
('16','236','8'),
('94','289','6'),
('72','218','25'),
('11','281','8'),
('23','253','48'),
('10','258','21'),
('27','231','13'),
('71','247','39'),
('38','203','42'),
('50','208','46'),
('96','229','6'),
('24','243','3'),
('47','254','8'),
('78','298','28'),
('97','219','25'),
('83','290','29'),
('30','289','6'),
('64','280','33'),
('66','230','13'),
('70','243','15'),
('20','266','26'),
('1','291','16'),
('13','231','2'),
('90','277','41'),
('2','234','47'),
('93','224','40'),
('55','207','24'),
('83','273','42'),
('59','238','41'); 




/*!40101 SET SQL_MODE=@OLD_SQL_MODE */;
/*!40014 SET FOREIGN_KEY_CHECKS=@OLD_FOREIGN_KEY_CHECKS */;
/*!40014 SET UNIQUE_CHECKS=@OLD_UNIQUE_CHECKS */;
/*!40101 SET CHARACTER_SET_CLIENT=@OLD_CHARACTER_SET_CLIENT */;
/*!40101 SET CHARACTER_SET_RESULTS=@OLD_CHARACTER_SET_RESULTS */;
/*!40101 SET COLLATION_CONNECTION=@OLD_COLLATION_CONNECTION */;
/*!40111 SET SQL_NOTES=@OLD_SQL_NOTES */;

DROP TABLE IF EXISTS `Items`;
CREATE TABLE `Items` (
  `Items_id` int(11) DEFAULT NULL,
  `Items_name` text DEFAULT NULL,
  `Ingredients` text DEFAULT NULL,
  `Image` text DEFAULT NULL,
  `Description` text DEFAULT NULL,
  `Item_type` text DEFAULT NULL,
  `Price` int(10) DEFAULT NULL,
  `Max` int(10) DEFAULT NULL
) ENGINE=InnoDB DEFAULT CHARSET=utf8mb4;

INSERT INTO `Items` VALUES ('262','Cyan','embrace rich action-items','http://lorempixel.com/640/480/','Self-enabling local concept','#0adaad','62','8'),
('205','Khaki','evolve scalable experiences','http://lorempixel.com/640/480/','Inverse 5thgeneration interface','#0e7008','48','1'),
('238','GreenYellow','visualize cutting-edge portals','http://lorempixel.com/640/480/','Managed transitional middleware','#ca2782','17','20'),
('266','PaleGreen','transition mission-critical e-commerce','http://lorempixel.com/640/480/','Managed client-driven policy','#ba1f32','99','2'),
('246','AntiqueWhite','target efficient convergence','http://lorempixel.com/640/480/','Enterprise-wide intermediate focusgroup','#a093ce','47','1'),
('256','Violet','orchestrate magnetic supply-chains','http://lorempixel.com/640/480/','Mandatory asynchronous ability','#328b65','143','18'),
('270','Bisque','deliver dot-com users','http://lorempixel.com/640/480/','Multi-tiered disintermediate product','#53207b','29','13'),
('278','OrangeRed','monetize virtual networks','http://lorempixel.com/640/480/','De-engineered stable help-desk','#8e4899','31','14'),
('292','SpringGreen','envisioneer transparent synergies','http://lorempixel.com/640/480/','Reverse-engineered motivating knowledgebase','#11c6cc','13','1'),
('254','Yellow','architect dot-com architectures','http://lorempixel.com/640/480/','Switchable secondary array','#041d5c','59','3'),
('252','Green','monetize world-class solutions','http://lorempixel.com/640/480/','Multi-channelled asynchronous migration','#fb4f42','22','19'),
('290','Cornsilk','deploy seamless e-tailers','http://lorempixel.com/640/480/','Automated regional middleware','#d59727','115','9'),
('294','Thistle','generate rich webservices','http://lorempixel.com/640/480/','Advanced coherent challenge','#b3edbd','145','10'),
('241','SteelBlue','matrix proactive models','http://lorempixel.com/640/480/','Integrated impactful protocol','#2f3d01','124','7'),
('204','SandyBrown','redefine 24/7 content','http://lorempixel.com/640/480/','Decentralized high-level instructionset','#9b9472','147','4'),
('261','CornflowerBlue','unleash extensible e-business','http://lorempixel.com/640/480/','Programmable multimedia service-desk','#e18851','66','9'),
('229','DarkGray','syndicate viral niches','http://lorempixel.com/640/480/','Facetoface 24/7 portal','#9c1159','51','19'),
('202','LightBlue','mesh revolutionary applications','http://lorempixel.com/640/480/','Open-architected asynchronous application','#157f46','31','20'),
('285','LavenderBlush','grow end-to-end methodologies','http://lorempixel.com/640/480/','Reduced coherent focusgroup','#e9ca00','55','17'),
('218','NavajoWhite','leverage out-of-the-box experiences','http://lorempixel.com/640/480/','Versatile multi-tasking array','#50ddba','107','10'),
('206','LightSteelBlue','incubate dot-com ROI','http://lorempixel.com/640/480/','Implemented clear-thinking support','#f8bf2d','30','13'),
('209','LightSlateGray','target visionary platforms','http://lorempixel.com/640/480/','Extended exuding concept','#518ae6','72','20'),
('258','OliveDrab','mesh world-class experiences','http://lorempixel.com/640/480/','Digitized incremental parallelism','#dbbae5','69','11'),
('260','Purple','monetize value-added web-readiness','http://lorempixel.com/640/480/','Realigned intangible focusgroup','#cc8936','16','2'),
('223','WhiteSmoke','envisioneer mission-critical channels','http://lorempixel.com/640/480/','Centralized intangible framework','#1e125c','93','9'),
('225','LawnGreen','cultivate proactive metrics','http://lorempixel.com/640/480/','User-centric heuristic hierarchy','#a5c1a7','29','15'),
('220','RosyBrown','morph proactive e-business','http://lorempixel.com/640/480/','Facetoface optimal toolset','#a11ec6','115','18'),
('215','Aqua','disintermediate interactive e-markets','http://lorempixel.com/640/480/','Multi-layered modular structure','#23ec97','26','18'),
('277','Sienna','empower visionary ROI','http://lorempixel.com/640/480/','Balanced radical hierarchy','#a8a7ef','150','1'),
('227','Lime','e-enable cross-media infrastructures','http://lorempixel.com/640/480/','Adaptive holistic emulation','#23ca9b','102','5'),
('250','Gold','empower revolutionary markets','http://lorempixel.com/640/480/','Public-key regional extranet','#233c70','75','3'),
('226','MediumTurquoise','brand world-class synergies','http://lorempixel.com/640/480/','Innovative static interface','#bb491c','126','12'),
('280','MistyRose','harness mission-critical systems','http://lorempixel.com/640/480/','Organized assymetric knowledgebase','#e0e805','52','20'),
('268','Ivory','embrace cutting-edge e-markets','http://lorempixel.com/640/480/','Inverse solution-oriented archive','#f74ca9','140','17'),
('228','DarkRed','streamline strategic eyeballs','http://lorempixel.com/640/480/','Quality-focused transitional methodology','#6d076c','95','19'),
('233','DarkSlateBlue','strategize innovative users','http://lorempixel.com/640/480/','Re-engineered executive attitude','#92fea8','41','3'),
('230','DimGrey','repurpose cutting-edge infomediaries','http://lorempixel.com/640/480/','Reactive fault-tolerant adapter','#b961eb','33','2'),
('267','DarkKhaki','incentivize frictionless markets','http://lorempixel.com/640/480/','Networked 24/7 securedline','#f26d73','39','11'),
('274','LightSalmon','seize global applications','http://lorempixel.com/640/480/','Profound didactic algorithm','#3c17da','21','8'),
('286','LightCyan','seize collaborative functionalities','http://lorempixel.com/640/480/','Automated tangible knowledgebase','#db65a0','119','3'),
('272','MediumSpringGreen','reinvent next-generation platforms','http://lorempixel.com/640/480/','Versatile discrete strategy','#3ea228','111','20'),
('289','Coral','maximize mission-critical bandwidth','http://lorempixel.com/640/480/','Focused user-facing concept','#70ee03','34','15'),
('291','Chartreuse','extend sticky systems','http://lorempixel.com/640/480/','Fully-configurable eco-centric standardization','#61c8ea','26','13'),
('211','Moccasin','deploy revolutionary bandwidth','http://lorempixel.com/640/480/','Multi-channelled 24hour time-frame','#76f981','37','13'),
('288','PowderBlue','benchmark visionary technologies','http://lorempixel.com/640/480/','Multi-layered uniform migration','#5b88b5','111','15'),
('213','MediumVioletRed','harness distributed relationships','http://lorempixel.com/640/480/','Fundamental homogeneous knowledgeuser','#e8d6f0','19','16'),
('219','DarkSalmon','productize back-end e-services','http://lorempixel.com/640/480/','Diverse object-oriented firmware','#8dab02','27','18'),
('259','DarkGreen','reinvent out-of-the-box channels','http://lorempixel.com/640/480/','Re-contextualized assymetric moderator','#9e6d20','99','17'),
('299','LimeGreen','extend B2B deliverables','http://lorempixel.com/640/480/','Mandatory bottom-line extranet','#b61072','46','11'),
('284','Tan','empower e-business content','http://lorempixel.com/640/480/','Adaptive exuding info-mediaries','#fcae6a','18','19'),
('210','SlateGray','innovate impactful content','http://lorempixel.com/640/480/','Centralized optimal emulation','#9637ec','84','17'),
('269','BlanchedAlmond','unleash bleeding-edge schemas','http://lorempixel.com/640/480/','Intuitive regional collaboration','#0c624e','46','10'),
('201','Peru','transition robust schemas','http://lorempixel.com/640/480/','Multi-lateral client-driven approach','#226fdb','90','15'),
('275','DarkOliveGreen','mesh extensible applications','http://lorempixel.com/640/480/','Operative homogeneous product','#c82bb0','113','12'),
('253','PaleTurquoise','productize transparent schemas','http://lorempixel.com/640/480/','Visionary local strategy','#dc46eb','78','16'),
('257','MediumOrchid','deploy ubiquitous markets','http://lorempixel.com/640/480/','Organized 5thgeneration structure','#50fb65','92','5'),
('283','DarkViolet','deliver collaborative metrics','http://lorempixel.com/640/480/','Total attitude-oriented initiative','#888b40','82','11'),
('282','LemonChiffon','facilitate frictionless infomediaries','http://lorempixel.com/640/480/','Enterprise-wide executive encoding','#fe7e1f','142','18'),
('216','LightSeaGreen','utilize open-source interfaces','http://lorempixel.com/640/480/','Adaptive multimedia ability','#984600','129','6'),
('237','AliceBlue','harness viral systems','http://lorempixel.com/640/480/','Multi-lateral 5thgeneration GraphicInterface','#8d2a0d','96','9'),
('245','LightSkyBlue','unleash revolutionary functionalities','http://lorempixel.com/640/480/','Integrated radical GraphicInterface','#b9d51a','99','7'),
('247','DarkMagenta','engineer 24/365 ROI','http://lorempixel.com/640/480/','Quality-focused maximized capability','#d8221f','20','2'),
('276','Silver','engage plug-and-play web-readiness','http://lorempixel.com/640/480/','Optional even-keeled matrix','#f703fa','132','3'),
('236','MediumPurple','facilitate global users','http://lorempixel.com/640/480/','Monitored dynamic utilisation','#42f188','89','4'),
('203','Turquoise','facilitate next-generation initiatives','http://lorempixel.com/640/480/','Visionary exuding benchmark','#c712a5','125','15'),
('263','Orchid','drive ubiquitous platforms','http://lorempixel.com/640/480/','Realigned radical pricingstructure','#1b461c','138','2'),
('235','Aquamarine','utilize robust networks','http://lorempixel.com/640/480/','Inverse methodical focusgroup','#53c55f','87','16'),
('296','DimGray','repurpose wireless methodologies','http://lorempixel.com/640/480/','Synergized non-volatile capacity','#3640c4','16','7'),
('208','PeachPuff','engage sexy e-business','http://lorempixel.com/640/480/','Exclusive tangible openarchitecture','#d067d7','91','9'),
('273','DarkSeaGreen','transform best-of-breed paradigms','http://lorempixel.com/640/480/','Reactive 3rdgeneration openarchitecture','#cb19de','116','20'),
('298','LightGray','engage next-generation e-markets','http://lorempixel.com/640/480/','Multi-lateral methodical toolset','#9ce6b4','150','8'),
('264','OldLace','innovate vertical niches','http://lorempixel.com/640/480/','Realigned global installation','#a8ca7a','139','13'),
('239','Blue','exploit 24/365 bandwidth','http://lorempixel.com/640/480/','Customer-focused system-worthy synergy','#8e75ac','127','17'),
('214','DeepPink','reinvent intuitive vortals','http://lorempixel.com/640/480/','Cross-platform responsive protocol','#1cc0c3','56','14'),
('212','DodgerBlue','seize transparent architectures','http://lorempixel.com/640/480/','Stand-alone content-based strategy','#8e59ae','101','3'),
('243','Gray','drive interactive relationships','http://lorempixel.com/640/480/','Open-source modular complexity','#c29d9f','120','19'),
('232','Chocolate','enable 24/7 platforms','http://lorempixel.com/640/480/','Optional analyzing data-warehouse','#188e3f','100','6'),
('271','Beige','utilize dot-com ROI','http://lorempixel.com/640/480/','Streamlined interactive knowledgebase','#ce3c68','104','16'),
('293','SaddleBrown','whiteboard revolutionary convergence','http://lorempixel.com/640/480/','Down-sized empowering neural-net','#703e4a','97','8'),
('234','DarkCyan','redefine B2B bandwidth','http://lorempixel.com/640/480/','Digitized discrete extranet','#7153c6','79','4'),
('300','MediumSlateBlue','deliver clicks-and-mortar ROI','http://lorempixel.com/640/480/','Synergistic full-range contingency','#1846c1','41','13'),
('231','PapayaWhip','enable synergistic vortals','http://lorempixel.com/640/480/','Organized composite hierarchy','#e31c35','98','7'),
('242','LightCoral','productize innovative communities','http://lorempixel.com/640/480/','Horizontal tangible solution','#0a696b','24','1'),
('265','MintCream','benchmark wireless synergies','http://lorempixel.com/640/480/','Compatible clear-thinking array','#2d837d','43','9'),
('248','LightPink','leverage enterprise vortals','http://lorempixel.com/640/480/','Vision-oriented eco-centric website','#ac1890','59','15'),
('287','Orange','implement leading-edge portals','http://lorempixel.com/640/480/','Advanced 24hour contingency','#ace5a0','149','10'),
('224','Navy','engineer dynamic web-readiness','http://lorempixel.com/640/480/','Ameliorated fault-tolerant concept','#baecf1','143','16'),
('255','MidnightBlue','transform wireless eyeballs','http://lorempixel.com/640/480/','Front-line didactic portal','#3e05ee','108','15'),
('221','Plum','matrix front-end deliverables','http://lorempixel.com/640/480/','Versatile systemic matrices','#043f1d','148','3'),
('222','DarkOrchid','engineer frictionless solutions','http://lorempixel.com/640/480/','Fundamental impactful architecture','#51d671','24','11'),
('279','White','monetize customized infomediaries','http://lorempixel.com/640/480/','Total value-added workforce','#c484c5','32','1'),
('244','SeaShell','leverage killer channels','http://lorempixel.com/640/480/','Realigned transitional standardization','#072c0e','83','20'),
('295','Indigo ','disintermediate intuitive metrics','http://lorempixel.com/640/480/','Up-sized fault-tolerant encryption','#038912','133','13'),
('217','LightYellow','drive enterprise communities','http://lorempixel.com/640/480/','Organic real-time product','#4107be','126','2'),
('281','DeepSkyBlue','redefine one-to-one paradigms','http://lorempixel.com/640/480/','Virtual contextually-based database','#8a798b','34','18'),
('297','Magenta','redefine enterprise e-markets','http://lorempixel.com/640/480/','Multi-lateral solution-oriented firmware','#199910','64','19'),
('251','ForestGreen','architect seamless mindshare','http://lorempixel.com/640/480/','Virtual object-oriented info-mediaries','#ed64ea','131','12'),
('249','Azure','engineer dot-com niches','http://lorempixel.com/640/480/','Cloned tangible infrastructure','#a4ff06','43','1'),
('207','PaleVioletRed','expedite proactive paradigms','http://lorempixel.com/640/480/','Persevering mission-critical policy','#1753e1','143','17'),
('240','Salmon','reintermediate robust action-items','http://lorempixel.com/640/480/','Persistent 24/7 opensystem','#6e08cd','128','18'); 



-- Generation time: Thu, 08 Nov 2018 12:42:32 +0000
-- Host: mysql.hostinger.ro
-- DB name: u574849695_24
/*!40030 SET NAMES UTF8 */;
/*!40101 SET @OLD_CHARACTER_SET_CLIENT=@@CHARACTER_SET_CLIENT */;
/*!40101 SET @OLD_CHARACTER_SET_RESULTS=@@CHARACTER_SET_RESULTS */;
/*!40101 SET @OLD_COLLATION_CONNECTION=@@COLLATION_CONNECTION */;
/*!40103 SET @OLD_TIME_ZONE=@@TIME_ZONE */;
/*!40103 SET TIME_ZONE='+00:00' */;
/*!40014 SET @OLD_UNIQUE_CHECKS=@@UNIQUE_CHECKS, UNIQUE_CHECKS=0 */;
/*!40014 SET @OLD_FOREIGN_KEY_CHECKS=@@FOREIGN_KEY_CHECKS, FOREIGN_KEY_CHECKS=0 */;
/*!40101 SET @OLD_SQL_MODE=@@SQL_MODE, SQL_MODE='NO_AUTO_VALUE_ON_ZERO' */;
/*!40111 SET @OLD_SQL_NOTES=@@SQL_NOTES, SQL_NOTES=0 */;

DROP TABLE IF EXISTS `Owner`;
CREATE TABLE `Owner` (
  `Owner_id` int(11) NOT NULL AUTO_INCREMENT,
  `Owner_name` text DEFAULT NULL,
  `Social_id` text DEFAULT NULL,
  `Email` text DEFAULT NULL,
  PRIMARY KEY (`Owner_id`)
) ENGINE=InnoDB AUTO_INCREMENT=101 DEFAULT CHARSET=utf8mb4;

INSERT INTO `Owner` VALUES ('1','Ebba Schumm','360397','malinda50@example.net'),
('2','Prof. Eudora Friesen','711666','wgrant@example.net'),
('3','Charles Orn V','287804','shannon12@example.net'),
('4','Antoinette Wilkinson','235438','mccullough.gay@example.org'),
('5','Charlotte Hamill','863251','gonzalo14@example.org'),
('6','Rick Koss','28625','sanford.kiley@example.net'),
('7','Major Stehr Jr.','388100','nhintz@example.net'),
('8','Dr. Kenton Kilback I','383620','idach@example.org'),
('9','Arielle Schmidt','781189','huels.twila@example.org'),
('10','Miss Rebecca Dietrich Jr.','370666','fadel.dorian@example.net'),
('11','Lon Weissnat DDS','460429','margie.hackett@example.com'),
('12','Benton Daniel','972762','goyette.duane@example.com'),
('13','Prof. Kendrick Padberg II','719499','cprosacco@example.org'),
('14','Prof. Grant Brekke','5760','timothy.dibbert@example.com'),
('15','Delores Bruen DVM','320517','florence27@example.com'),
('16','Elta Kuvalis','51084','janice90@example.com'),
('17','Dr. Sonya Gibson','276544','ctorphy@example.net'),
('18','Joanne Rogahn','12991','mauricio35@example.com'),
('19','Prof. Brisa Tremblay MD','869781','hilbert88@example.com'),
('20','Marilyne Kemmer V','110683','demetris24@example.com'),
('21','Telly VonRueden DDS','684788','mhoeger@example.org'),
('22','Lilla Zulauf IV','759119','emiliano.waters@example.com'),
('23','Dejon Volkman','777282','cesar06@example.com'),
('24','Miss Idella Prohaska PhD','648746','quigley.robert@example.com'),
('25','Dr. Giuseppe Bartell DDS','846697','axel.rippin@example.com'),
('26','Rahul Schaden','571609','marquardt.elena@example.net'),
('27','Noelia Nienow','426112','zsauer@example.com'),
('28','Dr. Nicola Watsica','403254','syble10@example.org'),
('29','Kassandra Russel','462505','rippin.josie@example.org'),
('30','Loraine Jenkins','920449','abe.white@example.org'),
('31','Dovie Thiel','908457','archibald34@example.net'),
('32','Kurt Bode','822066','abbott.ollie@example.com'),
('33','Prof. Donny Dietrich DDS','677338','dfarrell@example.org'),
('34','Adam Grimes Sr.','108112','susan.lebsack@example.com'),
('35','Mr. Davon Watsica','467809','pacocha.hattie@example.org'),
('36','Karelle Franecki','429299','bnikolaus@example.com'),
('37','Lawson Wisozk MD','354445','amanda60@example.net'),
('38','Ofelia Gislason','742659','raymundo.rosenbaum@example.org'),
('39','Ms. Pattie Murray','168367','dante.macejkovic@example.org'),
('40','Wyman Hagenes','960550','wilfred53@example.net'),
('41','Dr. Eduardo Volkman DDS','75723','eleanora37@example.org'),
('42','Prof. Rod Schuppe','613081','zkihn@example.net'),
('43','Mr. Dayne Von V','53390','jude.schroeder@example.net'),
('44','Ethel Corwin','786533','lesly51@example.org'),
('45','Mariah Kuhlman','588815','hsauer@example.net'),
('46','Gisselle O\'Keefe','232211','gutmann.sally@example.org'),
('47','Dr. Josiah Schaefer PhD','41559','pietro01@example.net'),
('48','Jeramy Harris','460517','beer.katelynn@example.com'),
('49','Angus Franecki','993847','gloria69@example.net'),
('50','Mrs. Aglae Gaylord','55498','tod58@example.com'),
('51','Chloe Kohler','806692','gaylord49@example.org'),
('52','Prof. Linwood Osinski','515072','delbert98@example.org'),
('53','Mr. Martin Funk','226599','jkshlerin@example.org'),
('54','Cornell Murazik','784519','christina.hamill@example.net'),
('55','Harmon Abshire','291130','felipe.ratke@example.com'),
('56','Brett Rempel','516742','rico70@example.net'),
('57','Devon Huels','101132','anya45@example.net'),
('58','Eula Tromp','645001','weber.ella@example.net'),
('59','Natalia Adams','347571','kaylee.donnelly@example.com'),
('60','Dr. Clifford Zieme','847420','madaline.hettinger@example.com'),
('61','Dr. Howard Berge','665511','arvel37@example.org'),
('62','Liza Hills','599482','imorissette@example.net'),
('63','Grace Wintheiser','371107','ocarter@example.net'),
('64','Watson Wilderman','729406','cathryn72@example.org'),
('65','Brianne Cummings','770018','mohammad12@example.org'),
('66','Dejon Russel','635533','xmccullough@example.org'),
('67','Everardo Bins','301618','odubuque@example.com'),
('68','Rae Hessel','81367','will.zelda@example.org'),
('69','Kyleigh Larson','962405','rex.lynch@example.org'),
('70','Alyson Trantow PhD','766566','myrtis57@example.net'),
('71','Prof. Destiny Weissnat','524945','judy10@example.net'),
('72','Kareem Walsh','48306','ernestine99@example.org'),
('73','Vita McGlynn','646350','kristoffer.gutkowski@example.net'),
('74','Alta Doyle','789972','abigayle.o\'hara@example.net'),
('75','Andrew Tromp V','249391','christophe.gleichner@example.org'),
('76','Sandrine Ratke','91585','stehr.ciara@example.net'),
('77','Prof. Karelle Tremblay DVM','651541','flesch@example.net'),
('78','Waylon Stark','922732','kiana.bauch@example.net'),
('79','Reinhold O\'Kon','921293','jarred.gislason@example.org'),
('80','Prof. Raoul Goyette','947210','bria77@example.org'),
('81','Augustine Nikolaus','376745','bart.tromp@example.com'),
('82','Talia Bins Jr.','515621','kkoss@example.net'),
('83','Wilber Fadel','67193','ashleigh.hoeger@example.org'),
('84','Nella Walker','366489','theron73@example.com'),
('85','Shana Hane','26512','fahey.alberta@example.org'),
('86','Dr. Michel Greenfelder','320293','murray54@example.org'),
('87','Jacques Gleason PhD','503413','kutch.joey@example.net'),
('88','Linda Veum I','830614','gislason.earlene@example.net'),
('89','Stanford Borer','778054','bhettinger@example.net'),
('90','Jerod Cole','683791','fstreich@example.com'),
('91','Coty Wilkinson','96094','strosin.paula@example.net'),
('92','Schuyler McDermott IV','724107','eryn.kulas@example.net'),
('93','Pinkie Schulist Jr.','911307','marisa01@example.org'),
('94','Estrella Turcotte','787228','cordell.hickle@example.org'),
('95','Murl Schroeder','148172','peggie.mosciski@example.org'),
('96','Dr. Enola Bartell Sr.','177256','sophie.howell@example.org'),
('97','Dr. Dashawn Heidenreich','494508','rsteuber@example.net'),
('98','Prof. Alexis Hand V','230559','amccullough@example.org'),
('99','Miss Lori Farrell','273775','grimes.saul@example.com'),
('100','Deshawn Runolfsson II','823089','gmayer@example.net'); 
-- Generation time: Sat, 10 Nov 2018 11:52:38 +0000
-- Host: mysql.hostinger.ro
-- DB name: u574849695_24
/*!40030 SET NAMES UTF8 */;
/*!40101 SET @OLD_CHARACTER_SET_CLIENT=@@CHARACTER_SET_CLIENT */;
/*!40101 SET @OLD_CHARACTER_SET_RESULTS=@@CHARACTER_SET_RESULTS */;
/*!40101 SET @OLD_COLLATION_CONNECTION=@@COLLATION_CONNECTION */;
/*!40103 SET @OLD_TIME_ZONE=@@TIME_ZONE */;
/*!40103 SET TIME_ZONE='+00:00' */;
/*!40014 SET @OLD_UNIQUE_CHECKS=@@UNIQUE_CHECKS, UNIQUE_CHECKS=0 */;
/*!40014 SET @OLD_FOREIGN_KEY_CHECKS=@@FOREIGN_KEY_CHECKS, FOREIGN_KEY_CHECKS=0 */;
/*!40101 SET @OLD_SQL_MODE=@@SQL_MODE, SQL_MODE='NO_AUTO_VALUE_ON_ZERO' */;
/*!40111 SET @OLD_SQL_NOTES=@@SQL_NOTES, SQL_NOTES=0 */;

DROP TABLE IF EXISTS `Purchases`;
CREATE TABLE `Purchases` (
  `Item_id` int(11) NOT NULL,
  `Quantity` int(11) DEFAULT NULL,
  `User_id` int(11) DEFAULT NULL,
  `Purchase_basket_id` int(11) NOT NULL,
<<<<<<< HEAD
  `Purchase_date` date DEFAULT NULL,
  `Status` tinyint(1) NOT NULL DEFAULT '0'
) ENGINE=InnoDB DEFAULT CHARSET=utf8mb4;

=======
  `Canteen_id` int(11) NOT NULL,
  PRIMARY KEY (`Item_id`,`Purchase_basket_id`)
) ENGINE=InnoDB DEFAULT CHARSET=utf8mb4;

INSERT INTO `Purchases` VALUES ('201','2','7','29','40'),
('201','26','8','41','57'),
('201','38','8','46','73'),
('201','18','75','47','70'),
('201','35','29','63','75'),
('201','6','44','69','36'),
('201','48','71','94','9'),
('202','23','12','20','58'),
('202','18','37','31','60'),
('202','9','64','52','41'),
('202','12','11','57','33'),
('202','2','19','64','30'),
('202','37','44','74','86'),
('202','21','26','75','56'),
('202','45','60','82','25'),
('203','34','9','23','61'),
('203','1','16','26','76'),
('203','38','41','54','1'),
('203','29','93','88','17'),
('204','14','87','33','95'),
('204','44','56','56','25'),
('204','15','99','95','58'),
('204','6','51','96','94'),
('204','16','11','99','27'),
('204','31','57','100','64'),
('205','50','20','1','41'),
('205','36','10','15','91'),
('205','19','15','53','84'),
('205','43','56','77','42'),
('206','48','54','7','76'),
('206','44','76','11','65'),
('206','42','33','25','70'),
('206','40','99','43','96'),
('206','21','34','64','15'),
('206','30','62','84','54'),
('206','47','95','90','51'),
('206','2','30','99','64'),
('207','3','33','6','5'),
('207','43','94','47','45'),
('207','15','53','72','95'),
('207','46','44','93','35'),
('207','7','76','99','38'),
('208','23','86','65','36'),
('208','48','62','87','72'),
('209','30','46','1','6'),
('209','2','96','17','54'),
('209','20','11','29','2'),
('209','7','55','33','45'),
('209','14','70','41','39'),
('209','35','66','72','55'),
('209','49','57','85','53'),
('209','18','13','95','7'),
('210','18','34','10','54'),
('210','19','31','50','42'),
('210','30','7','54','78'),
('210','3','24','57','30'),
('210','50','31','87','45'),
('210','40','15','91','32'),
('211','33','58','9','15'),
('211','4','45','28','51'),
('211','22','55','56','1'),
('211','33','66','57','1'),
('211','38','75','89','11'),
('212','37','74','24','81'),
('213','4','78','26','93'),
('213','18','80','69','47'),
('213','50','22','89','35'),
('213','3','16','90','25'),
('214','9','70','11','41'),
('214','4','36','14','26'),
('214','38','64','44','44'),
('214','31','25','56','35'),
('214','20','16','69','93'),
('214','17','52','76','30'),
('214','29','12','93','29'),
('214','15','24','98','61'),
('215','40','4','9','82'),
('215','6','30','25','23'),
('215','44','21','77','50'),
('216','38','62','44','86'),
('216','49','100','47','95'),
('216','12','83','59','14'),
('216','24','36','83','91'),
('216','10','67','91','17'),
('217','25','47','6','10'),
('217','44','74','54','87'),
('217','16','56','55','30'),
('217','27','45','79','93'),
('217','11','72','84','50'),
('218','2','38','22','41'),
('218','48','81','26','4'),
('218','30','70','78','57'),
('218','12','11','80','55'),
('219','22','63','1','100'),
('219','11','51','31','61'),
('219','13','46','75','88'),
('219','9','93','77','67'),
('219','13','7','91','24'),
('219','37','44','100','21'),
('221','44','27','21','96'),
('221','32','32','26','27'),
('221','32','63','29','25'),
('221','50','84','33','67'),
('221','28','89','51','31'),
('221','33','96','55','94'),
('222','30','42','28','7'),
('222','5','83','91','79'),
('223','48','71','50','24'),
('223','20','95','69','4'),
('223','27','59','71','25'),
('223','10','57','80','63'),
('223','41','64','86','88'),
('223','39','7','98','86'),
('223','8','54','100','50'),
('224','9','35','14','23'),
('224','30','55','69','92'),
('224','1','58','81','43'),
('224','38','75','99','3'),
('225','1','56','38','52'),
('225','25','85','48','57'),
('226','21','52','16','24'),
('226','50','46','17','13'),
('226','43','63','42','2'),
('227','30','44','9','28'),
('227','24','45','30','13'),
('227','28','67','54','28'),
('227','22','77','61','82'),
('227','29','63','62','96'),
('227','18','41','64','73'),
('227','22','59','66','75'),
('227','11','30','80','90'),
('227','50','42','97','58'),
('228','34','34','1','65'),
('228','8','72','45','44'),
('228','32','43','49','6'),
('228','16','36','58','47'),
('228','49','52','69','88'),
('229','11','35','59','49'),
('229','4','47','82','38'),
('230','39','23','22','96'),
('230','34','48','69','28'),
('230','23','44','89','47'),
('230','30','61','97','42'),
('231','18','24','32','49'),
('231','8','23','73','59'),
('231','21','28','95','66'),
('232','6','3','41','6'),
('232','32','35','48','58'),
('233','44','100','5','3'),
('233','13','14','6','38'),
('233','41','75','7','93'),
('233','3','10','20','26'),
('233','30','75','23','28'),
('233','12','86','38','42'),
('233','22','14','44','20'),
('233','48','92','51','92'),
('233','12','66','52','42'),
('233','48','9','60','19'),
('234','49','12','84','79'),
('234','46','60','92','6'),
('235','5','60','6','66'),
('235','29','87','40','28'),
('235','8','13','88','90'),
('236','3','30','20','80'),
('236','11','82','42','4'),
('236','49','62','82','74'),
('237','31','84','5','70'),
('237','9','50','14','51'),
('237','17','28','58','32'),
('237','38','82','61','89'),
('237','30','100','66','53'),
('237','19','66','96','38'),
('238','6','92','17','1'),
('238','34','20','22','78'),
('238','37','20','25','89'),
('238','7','37','57','30'),
('238','8','69','66','37'),
('238','27','31','84','9'),
('239','16','90','31','88'),
('239','48','84','35','3'),
('239','43','25','69','58'),
('239','12','68','87','26'),
('240','14','49','6','95'),
('240','27','42','13','21'),
('240','12','53','47','78'),
('240','50','90','58','36'),
('240','46','22','70','60'),
('240','17','54','87','57'),
('241','33','37','10','46'),
('241','31','45','16','60'),
('241','37','49','31','40'),
('241','7','7','38','36'),
('241','50','50','56','62'),
('241','30','64','60','91'),
('241','30','26','66','23'),
('241','42','19','84','60'),
('241','14','99','88','65'),
('242','35','48','2','99'),
('242','26','31','6','87'),
('242','10','1','23','10'),
('242','47','36','26','80'),
('242','19','61','39','55'),
('242','31','89','74','26'),
('242','29','4','83','35'),
('243','19','41','28','61'),
('243','12','93','29','69'),
('243','24','46','54','20'),
('243','47','18','71','62'),
('243','12','73','83','61'),
('244','35','65','26','36'),
('244','23','74','32','4'),
('244','47','1','33','36'),
('244','37','5','37','9'),
('245','24','28','4','58'),
('245','38','38','50','92'),
('245','27','38','61','54'),
('245','23','37','90','90'),
('246','32','73','6','38'),
('246','10','27','19','71'),
('246','50','39','29','44'),
('246','43','72','59','20'),
('246','10','3','70','56'),
('246','45','40','71','11'),
('247','15','33','25','25'),
('247','7','14','45','94'),
('247','1','65','48','16'),
('247','44','43','49','32'),
('247','45','28','93','73'),
('248','30','40','3','75'),
('248','38','77','19','86'),
('248','4','58','26','45'),
('248','23','8','48','33'),
('248','27','90','62','84'),
('248','14','100','81','95'),
('248','28','77','82','92'),
('248','29','100','91','99'),
('249','41','76','15','21'),
('249','39','74','27','25'),
('249','15','34','55','91'),
('249','19','60','61','3'),
('249','19','83','84','74'),
('249','9','95','88','76'),
('249','14','84','90','34'),
('250','29','27','4','80'),
('250','20','28','22','32'),
('250','42','17','24','24'),
('250','43','98','75','36'),
('250','39','13','89','49'),
('251','44','27','18','5'),
('251','18','65','20','26'),
('251','33','86','34','49'),
('251','33','56','47','3'),
('251','44','38','81','68'),
('251','18','13','91','21'),
('251','17','72','100','5'),
('252','39','49','7','25'),
('252','33','41','17','85'),
('252','1','14','21','97'),
('252','23','5','50','87'),
('252','18','98','66','99'),
('252','17','46','81','44'),
('252','6','32','91','44'),
('253','16','62','1','10'),
('253','31','96','7','92'),
('253','15','13','8','5'),
('253','22','62','26','11'),
('253','26','31','74','87'),
('253','29','94','91','71'),
('253','6','6','93','76'),
('253','6','72','96','68'),
('254','36','69','3','90'),
('254','32','32','12','47'),
('254','8','54','14','27'),
('254','16','81','39','24'),
('254','49','23','62','15'),
('254','45','76','76','22'),
('254','26','97','90','72'),
('254','44','98','92','6'),
('254','11','33','95','67'),
('255','12','98','7','69'),
('255','29','99','9','3'),
('255','46','16','42','2'),
('255','30','9','46','53'),
('255','7','54','55','24'),
('255','16','87','89','49'),
('256','23','8','7','87'),
('256','44','75','42','36'),
('256','50','39','82','89'),
('257','24','86','7','99'),
('257','21','74','25','47'),
('257','14','55','76','43'),
('258','9','19','4','4'),
('258','24','79','74','87'),
('258','12','89','77','2'),
('258','27','63','78','28'),
('258','40','56','83','76'),
('258','13','37','87','61'),
('259','45','18','1','68'),
('259','42','35','3','54'),
('259','49','41','31','50'),
('259','9','27','58','69'),
('259','17','33','74','3'),
('259','2','28','77','14'),
('259','42','41','100','98'),
('260','33','22','13','66'),
('260','27','60','15','39'),
('260','49','8','29','33'),
('260','41','49','31','44'),
('260','16','35','33','37'),
('260','1','56','35','3'),
('260','38','98','66','65'),
('261','46','99','99','91'),
('262','26','21','22','18'),
('262','29','31','37','41'),
('262','37','56','44','82'),
('262','43','23','65','51'),
('262','35','30','74','58'),
('262','19','40','84','2'),
('263','30','49','73','84'),
('263','20','69','81','86'),
('264','35','20','9','53'),
('264','15','75','47','43'),
('265','36','24','54','24'),
('265','23','9','65','52'),
('266','4','58','31','84'),
('266','47','51','56','89'),
('266','25','30','62','44'),
('266','18','93','67','100'),
('267','25','56','7','41'),
('267','48','31','47','55'),
('267','29','61','72','86'),
('268','34','24','7','3'),
('268','30','73','17','7'),
('269','30','63','78','80'),
('269','45','51','85','30'),
('269','29','13','88','8'),
('269','10','67','89','12'),
('269','40','66','94','7'),
('270','6','70','1','31'),
('270','35','63','14','67'),
('270','7','25','21','64'),
('270','50','35','24','11'),
('270','43','23','31','77'),
('270','50','65','42','27'),
('270','19','23','48','17'),
('270','13','52','53','75'),
('270','21','95','55','100'),
('270','10','16','82','17'),
('270','45','48','86','55'),
('271','8','100','37','93'),
('271','40','57','79','18'),
('272','20','78','99','47'),
('273','26','100','1','34'),
('273','50','48','54','30'),
('273','23','25','63','63'),
('273','32','32','84','24'),
('273','21','59','98','28'),
('274','34','75','10','22'),
('274','14','26','26','7'),
('274','5','49','43','25'),
('274','48','8','55','76'),
('274','14','11','63','63'),
('275','29','28','29','94'),
('275','33','36','36','20'),
('275','38','26','48','80'),
('275','44','31','61','75'),
('275','4','18','65','72'),
('275','14','63','87','78'),
('275','34','64','90','25'),
('275','23','66','94','78'),
('276','41','32','14','91'),
('276','37','75','32','99'),
('276','2','100','62','96'),
('276','46','68','87','58'),
('276','40','6','97','69'),
('277','15','34','4','55'),
('277','18','11','5','74'),
('277','2','17','20','87'),
('277','18','65','24','100'),
('277','33','100','29','46'),
('277','35','43','61','16'),
('277','11','16','73','41'),
('277','30','67','88','4'),
('278','48','67','15','55'),
('278','36','20','20','23'),
('278','33','38','27','5'),
('278','40','29','28','93'),
('278','3','57','72','24'),
('278','7','24','87','14'),
('278','33','5','95','14'),
('279','20','60','13','77'),
('279','47','39','18','2'),
('279','30','60','37','57'),
('279','27','75','92','63'),
('279','27','23','95','96'),
('280','18','24','13','62'),
('280','14','38','67','63'),
('280','17','79','84','66'),
('281','10','44','7','30'),
('281','32','58','9','76'),
('281','25','41','22','62'),
('281','36','74','44','36'),
('281','29','52','53','97'),
('281','4','30','58','77'),
('281','6','38','78','94'),
('281','40','50','97','32'),
('282','28','45','22','61'),
('283','26','18','15','37'),
('283','13','82','18','46'),
('283','2','5','22','65'),
('283','38','27','39','36'),
('283','49','19','60','88'),
('283','44','74','62','70'),
('283','33','53','99','97'),
('284','26','76','19','14'),
('284','1','40','52','64'),
('284','46','74','59','2'),
('285','36','73','54','49'),
('285','19','23','67','12'),
('285','1','24','70','10'),
('285','7','96','89','56'),
('286','6','79','11','49'),
('286','19','67','18','36'),
('286','41','17','31','69'),
('286','5','66','43','82'),
('286','10','97','46','86'),
('286','14','78','87','94'),
('287','24','7','22','72'),
('287','36','79','46','57'),
('287','28','89','49','40'),
('287','46','47','60','100'),
('287','41','4','75','58'),
('287','21','11','79','2'),
('288','34','7','19','98'),
('288','1','23','24','53'),
('288','6','1','29','99'),
('288','12','49','30','78'),
('289','39','90','21','96'),
('289','17','1','58','93'),
('289','20','70','80','82'),
('290','2','91','17','84'),
('290','21','54','37','53'),
('290','24','13','61','20'),
('290','50','73','74','85'),
('290','25','72','75','81'),
('291','1','29','45','32'),
('292','1','50','9','37'),
('292','31','89','13','40'),
('292','38','19','41','32'),
('292','31','33','49','39'),
('292','37','9','70','14'),
('293','45','17','25','45'),
('293','28','42','30','61'),
('293','14','67','34','59'),
('293','9','45','37','76'),
('293','21','78','64','78'),
('293','13','24','75','7'),
('293','7','62','81','73'),
('293','46','51','90','48'),
('294','4','63','11','13'),
('294','2','23','62','22'),
('295','13','76','4','22'),
('295','24','19','39','51'),
('295','35','22','56','57'),
('295','19','26','61','12'),
('295','37','76','74','63'),
('295','30','29','91','1'),
('296','2','47','17','88'),
('296','1','46','19','15'),
('296','8','3','39','19'),
('296','34','9','45','6'),
('296','43','33','49','82'),
('296','14','92','81','95'),
('297','40','48','15','30'),
('297','6','79','22','93'),
('297','1','81','44','7'),
('297','35','18','93','35'),
('298','19','24','37','40'),
('298','43','11','54','43'),
('298','27','4','67','47'),
('298','7','37','79','27'),
('299','28','73','13','36'),
('299','11','10','27','38'),
('299','6','47','55','36'),
('299','28','21','70','32'),
('299','8','90','88','34'),
('299','26','85','97','31'),
('300','11','52','8','91'),
('300','15','51','30','96'),
('300','21','55','45','51'),
('300','19','14','79','89'),
('300','26','58','94','47'),
('300','21','21','99','18'); 
>>>>>>> 99d9ea5be9502f537113f51b47504e160c79962d

INSERT INTO `Purchases` (`Item_id`, `Quantity`, `User_id`, `Purchase_basket_id`, `Purchase_date`, `Status`) VALUES
(201, 27, 310, 510, NULL, 1),
(201, 30, 341, 541, NULL, 1),
(201, 50, 353, 553, NULL, 1),
(201, 21, 356, 556, NULL, 1),
(201, 31, 365, 565, NULL, 1),
(201, 10, 389, 589, NULL, 1),
(201, 43, 390, 590, NULL, 1),
(202, 2, 311, 511, NULL, 0),
(202, 10, 321, 521, NULL, 0),
(202, 24, 337, 537, NULL, 0),
(202, 5, 356, 556, NULL, 0),
(202, 41, 361, 561, NULL, 0),
(202, 49, 395, 595, NULL, 0),
(203, 41, 305, 505, NULL, 0),
(203, 36, 330, 530, NULL, 0),
(203, 27, 332, 532, NULL, 0),
(203, 25, 346, 546, NULL, 0),
(203, 27, 375, 575, NULL, 0),
(204, 43, 303, 503, NULL, 0),
(204, 36, 320, 520, NULL, 0),
(204, 41, 383, 583, NULL, 0),
(205, 26, 302, 502, NULL, 0),
(205, 13, 324, 524, NULL, 0),
(205, 45, 326, 526, NULL, 0),
(205, 31, 334, 534, NULL, 0),
(205, 34, 355, 555, NULL, 0),
(205, 8, 370, 570, NULL, 0),
(205, 17, 393, 593, NULL, 0),
(205, 18, 398, 598, NULL, 0),
(206, 40, 321, 521, NULL, 0),
(206, 44, 364, 564, NULL, 0),
(206, 4, 376, 576, NULL, 0),
(207, 48, 309, 509, NULL, 0),
(207, 33, 335, 535, NULL, 0),
(207, 48, 339, 539, NULL, 0),
(207, 35, 340, 540, NULL, 0),
(207, 5, 368, 568, NULL, 0),
(207, 8, 382, 582, NULL, 0),
(207, 41, 393, 593, NULL, 0),
(208, 30, 325, 525, NULL, 0),
(208, 27, 327, 527, NULL, 0),
(208, 20, 353, 553, NULL, 0),
(208, 40, 394, 594, NULL, 0),
(209, 9, 312, 512, NULL, 0),
(209, 8, 329, 529, NULL, 0),
(209, 19, 343, 543, NULL, 0),
(209, 36, 349, 549, NULL, 0),
(209, 8, 352, 552, NULL, 0),
(209, 44, 375, 575, NULL, 0),
(209, 47, 378, 578, NULL, 0),
(210, 26, 300, 500, NULL, 0),
(210, 9, 309, 509, NULL, 0),
(210, 40, 311, 511, NULL, 0),
(210, 39, 320, 520, NULL, 0),
(210, 42, 325, 525, NULL, 0),
(210, 40, 340, 540, NULL, 0),
(210, 29, 343, 543, NULL, 0),
(210, 1, 364, 564, NULL, 0),
(210, 12, 369, 569, NULL, 0),
(211, 31, 308, 508, NULL, 0),
(211, 44, 325, 525, NULL, 0),
(211, 8, 331, 531, NULL, 0),
(212, 41, 306, 506, NULL, 0),
(212, 29, 308, 508, NULL, 0),
(212, 31, 340, 540, NULL, 0),
(212, 40, 351, 551, NULL, 0),
(212, 26, 355, 555, NULL, 0),
(212, 46, 356, 556, NULL, 0),
(212, 5, 357, 557, NULL, 0),
(212, 50, 364, 564, NULL, 0),
(212, 36, 379, 579, NULL, 0),
(212, 12, 380, 580, NULL, 0),
(213, 38, 329, 529, NULL, 0),
(213, 5, 358, 558, NULL, 0),
(213, 13, 359, 559, NULL, 0),
(214, 27, 366, 566, NULL, 0),
(214, 3, 394, 594, NULL, 0),
(214, 38, 396, 596, NULL, 0),
(214, 38, 398, 598, NULL, 0),
(215, 40, 315, 515, NULL, 0),
(215, 34, 316, 516, NULL, 0),
(215, 50, 331, 531, NULL, 0),
(215, 7, 339, 539, NULL, 0),
(215, 2, 351, 551, NULL, 0),
(215, 13, 352, 552, NULL, 0),
(215, 45, 354, 554, NULL, 0),
(215, 45, 358, 558, NULL, 0),
(215, 4, 367, 567, NULL, 0),
(215, 50, 376, 576, NULL, 0),
(216, 34, 300, 500, NULL, 0),
(216, 36, 310, 510, NULL, 0),
(216, 19, 393, 593, NULL, 0),
(217, 47, 313, 513, NULL, 0),
(217, 29, 350, 550, NULL, 0),
(217, 21, 373, 573, NULL, 0),
(217, 26, 395, 595, NULL, 0),
(218, 15, 327, 527, NULL, 0),
(218, 38, 350, 550, NULL, 0),
(218, 24, 363, 563, NULL, 0),
(218, 40, 375, 575, NULL, 0),
(218, 5, 389, 589, NULL, 0),
(219, 32, 339, 539, NULL, 0),
(219, 43, 347, 547, NULL, 0),
(219, 17, 355, 555, NULL, 0),
(219, 40, 369, 569, NULL, 0),
(219, 24, 372, 572, NULL, 0),
(219, 31, 378, 578, NULL, 0),
(219, 37, 393, 593, NULL, 0),
(220, 21, 308, 508, NULL, 0),
(220, 6, 353, 553, NULL, 0),
(220, 25, 354, 554, NULL, 0),
(220, 46, 372, 572, NULL, 0),
(220, 12, 375, 575, NULL, 0),
(220, 39, 378, 578, NULL, 0),
(220, 6, 394, 594, NULL, 0),
(221, 12, 335, 535, NULL, 0),
(221, 14, 377, 577, NULL, 0),
(222, 30, 373, 573, NULL, 0),
(222, 26, 379, 579, NULL, 0),
(222, 41, 386, 586, NULL, 0),
(222, 18, 398, 598, NULL, 0),
(223, 12, 350, 550, NULL, 0),
(223, 3, 366, 566, NULL, 0),
(223, 5, 376, 576, NULL, 0),
(224, 42, 325, 525, NULL, 0),
(224, 6, 328, 528, NULL, 0),
(224, 23, 331, 531, NULL, 0),
(225, 5, 308, 508, NULL, 0),
(225, 49, 314, 514, NULL, 0),
(225, 8, 348, 548, NULL, 0),
(225, 28, 377, 577, NULL, 0),
(225, 22, 385, 585, NULL, 0),
(226, 41, 307, 507, NULL, 0),
(226, 2, 312, 512, NULL, 0),
(226, 20, 328, 528, NULL, 0),
(226, 7, 334, 534, NULL, 0),
(226, 4, 339, 539, NULL, 0),
(226, 30, 357, 557, NULL, 0),
(226, 12, 360, 560, NULL, 0),
(227, 41, 313, 513, NULL, 0),
(227, 3, 322, 522, NULL, 0),
(227, 49, 327, 527, NULL, 0),
(227, 12, 360, 560, NULL, 0),
(227, 49, 376, 576, NULL, 0),
(227, 50, 382, 582, NULL, 0),
(227, 46, 399, 599, NULL, 0),
(228, 44, 314, 514, NULL, 0),
(228, 36, 343, 543, NULL, 0),
(228, 2, 345, 545, NULL, 0),
(228, 26, 361, 561, NULL, 0),
(228, 46, 369, 569, NULL, 0),
(228, 40, 381, 581, NULL, 0),
(228, 26, 387, 587, NULL, 0),
(228, 40, 394, 594, NULL, 0),
(228, 9, 399, 599, NULL, 0),
(228, 37, 400, 600, NULL, 0),
(229, 49, 310, 510, NULL, 0),
(229, 49, 313, 513, NULL, 0),
(229, 17, 318, 518, NULL, 0),
(229, 23, 360, 560, NULL, 0),
(229, 8, 373, 573, NULL, 0),
(230, 29, 319, 519, NULL, 0),
(230, 2, 325, 525, NULL, 0),
(230, 38, 328, 528, NULL, 0),
(230, 18, 329, 529, NULL, 0),
(230, 4, 333, 533, NULL, 0),
(230, 4, 340, 540, NULL, 0),
(230, 22, 384, 584, NULL, 0),
(231, 27, 301, 501, NULL, 0),
(231, 48, 308, 508, NULL, 0),
(231, 23, 329, 529, NULL, 0),
(231, 41, 333, 533, NULL, 0),
(231, 14, 351, 551, NULL, 0),
(231, 21, 389, 589, NULL, 0),
(232, 36, 313, 513, NULL, 0),
(232, 25, 342, 542, NULL, 0),
(232, 2, 348, 548, NULL, 0),
(232, 16, 371, 571, NULL, 0),
(232, 17, 391, 591, NULL, 0),
(233, 33, 300, 500, NULL, 0),
(233, 14, 310, 510, NULL, 0),
(233, 7, 320, 520, NULL, 0),
(233, 46, 323, 523, NULL, 0),
(233, 12, 332, 532, NULL, 0),
(233, 9, 333, 533, NULL, 0),
(233, 33, 334, 534, NULL, 0),
(233, 27, 340, 540, NULL, 0),
(233, 45, 343, 543, NULL, 0),
(233, 15, 345, 545, NULL, 0),
(233, 45, 346, 546, NULL, 0),
(233, 10, 356, 556, NULL, 0),
(233, 43, 358, 558, NULL, 0),
(233, 36, 384, 584, NULL, 0),
(233, 5, 391, 591, NULL, 0),
(234, 20, 379, 579, NULL, 0),
(234, 22, 398, 598, NULL, 0),
(235, 3, 302, 502, NULL, 0),
(235, 1, 328, 528, NULL, 0),
(235, 21, 339, 539, NULL, 0),
(235, 20, 345, 545, NULL, 0),
(235, 3, 361, 561, NULL, 0),
(236, 37, 341, 541, NULL, 0),
(236, 46, 345, 545, NULL, 0),
(236, 20, 346, 546, NULL, 0),
(236, 5, 354, 554, NULL, 0),
(236, 8, 382, 582, NULL, 0),
(236, 40, 385, 585, NULL, 0),
(236, 27, 400, 600, NULL, 0),
(237, 2, 317, 517, NULL, 0),
(237, 45, 331, 531, NULL, 0),
(237, 17, 338, 538, NULL, 0),
(237, 39, 358, 558, NULL, 0),
(237, 41, 368, 568, NULL, 0),
(237, 40, 392, 592, NULL, 0),
(237, 27, 399, 599, NULL, 0),
(238, 44, 305, 505, NULL, 0),
(238, 24, 306, 506, NULL, 0),
(238, 48, 311, 511, NULL, 0),
(238, 18, 333, 533, NULL, 0),
(238, 3, 335, 535, NULL, 0),
(238, 11, 339, 539, NULL, 0),
(238, 4, 385, 585, NULL, 0),
(238, 40, 386, 586, NULL, 0),
(239, 12, 331, 531, NULL, 0),
(239, 46, 333, 533, NULL, 0),
(239, 27, 336, 536, NULL, 0),
(239, 33, 341, 541, NULL, 0),
(239, 14, 353, 553, NULL, 0),
(239, 19, 391, 591, NULL, 0),
(240, 22, 305, 505, NULL, 0),
(240, 35, 323, 523, NULL, 0),
(240, 22, 325, 525, NULL, 0),
(240, 4, 370, 570, NULL, 0),
(240, 43, 397, 597, NULL, 0),
(241, 12, 302, 502, NULL, 0),
(241, 19, 309, 509, NULL, 0),
(241, 27, 318, 518, NULL, 0),
(241, 7, 340, 540, NULL, 0),
(241, 31, 349, 549, NULL, 0),
(241, 8, 358, 558, NULL, 0),
(241, 43, 374, 574, NULL, 0),
(241, 4, 377, 577, NULL, 0),
(241, 9, 379, 579, NULL, 0),
(242, 49, 309, 509, NULL, 0),
(242, 47, 321, 521, NULL, 0),
(242, 49, 369, 569, NULL, 0),
(243, 42, 318, 518, NULL, 0),
(243, 35, 356, 556, NULL, 0),
(243, 13, 388, 588, NULL, 0),
(244, 20, 304, 504, NULL, 0),
(244, 23, 319, 519, NULL, 0),
(244, 46, 330, 530, NULL, 0),
(244, 14, 374, 574, NULL, 0),
(245, 44, 300, 500, NULL, 0),
(245, 40, 302, 502, NULL, 0),
(245, 6, 363, 563, NULL, 0),
(246, 36, 324, 524, NULL, 0),
(246, 12, 338, 538, NULL, 0),
(246, 32, 340, 540, NULL, 0),
(246, 40, 364, 564, NULL, 0),
(246, 16, 371, 571, NULL, 0),
(246, 25, 383, 583, NULL, 0),
(246, 23, 384, 584, NULL, 0),
(246, 47, 386, 586, NULL, 0),
(247, 2, 310, 510, NULL, 0),
(247, 29, 352, 552, NULL, 0),
(247, 10, 387, 587, NULL, 0),
(247, 47, 389, 589, NULL, 0),
(247, 28, 398, 598, NULL, 0),
(248, 36, 305, 505, NULL, 0),
(248, 4, 313, 513, NULL, 0),
(248, 39, 342, 542, NULL, 0),
(248, 8, 355, 555, NULL, 0),
(248, 16, 379, 579, NULL, 0),
(248, 28, 381, 581, NULL, 0),
(248, 36, 397, 597, NULL, 0),
(249, 11, 303, 503, NULL, 0),
(249, 10, 340, 540, NULL, 0),
(249, 39, 378, 578, NULL, 0),
(249, 10, 384, 584, NULL, 0),
(250, 13, 301, 501, NULL, 0),
(250, 35, 304, 504, NULL, 0),
(250, 27, 315, 515, NULL, 0),
(250, 16, 332, 532, NULL, 0),
(250, 47, 356, 556, NULL, 0),
(250, 25, 366, 566, NULL, 0),
(250, 46, 398, 598, NULL, 0),
(251, 43, 308, 508, NULL, 0),
(251, 49, 323, 523, NULL, 0),
(251, 32, 324, 524, NULL, 0),
(251, 6, 350, 550, NULL, 0),
(251, 14, 368, 568, NULL, 0),
(251, 47, 371, 571, NULL, 0),
(251, 34, 389, 589, NULL, 0),
(251, 45, 396, 596, NULL, 0),
(252, 6, 312, 512, NULL, 0),
(252, 36, 316, 516, NULL, 0),
(252, 29, 326, 526, NULL, 0),
(252, 50, 334, 534, NULL, 0),
(252, 14, 349, 549, NULL, 0),
(252, 26, 362, 562, NULL, 0),
(252, 16, 378, 578, NULL, 0),
(252, 43, 384, 584, NULL, 0),
(253, 16, 314, 514, NULL, 0),
(253, 24, 320, 520, NULL, 0),
(253, 43, 361, 561, NULL, 0),
(253, 42, 367, 567, NULL, 0),
(253, 17, 372, 572, NULL, 0),
(254, 27, 335, 535, NULL, 0),
(254, 19, 348, 548, NULL, 0),
(254, 25, 355, 555, NULL, 0),
(254, 30, 359, 559, NULL, 0),
(254, 25, 366, 566, NULL, 0),
(254, 21, 383, 583, NULL, 0),
(255, 32, 309, 509, NULL, 0),
(255, 40, 322, 522, NULL, 0),
(255, 45, 329, 529, NULL, 0),
(255, 23, 333, 533, NULL, 0),
(255, 4, 345, 545, NULL, 0),
(255, 17, 346, 546, NULL, 0),
(255, 3, 376, 576, NULL, 0),
(255, 8, 387, 587, NULL, 0),
(256, 38, 304, 504, NULL, 0),
(256, 16, 310, 510, NULL, 0),
(256, 42, 312, 512, NULL, 0),
(256, 32, 316, 516, NULL, 0),
(256, 32, 325, 525, NULL, 0),
(256, 13, 326, 526, NULL, 0),
(256, 35, 335, 535, NULL, 0),
(256, 50, 336, 536, NULL, 0),
(256, 23, 363, 563, NULL, 0),
(256, 25, 377, 577, NULL, 0),
(256, 21, 383, 583, NULL, 0),
(257, 28, 300, 500, NULL, 0),
(257, 33, 348, 548, NULL, 0),
(257, 20, 369, 569, NULL, 0),
(257, 47, 384, 584, NULL, 0),
(257, 15, 395, 595, NULL, 0),
(258, 9, 348, 548, NULL, 0),
(258, 34, 351, 551, NULL, 0),
(258, 41, 356, 556, NULL, 0),
(258, 26, 360, 560, NULL, 0),
(258, 44, 363, 563, NULL, 0),
(258, 10, 376, 576, NULL, 0),
(259, 28, 314, 514, NULL, 0),
(259, 23, 319, 519, NULL, 0),
(259, 6, 321, 521, NULL, 0),
(259, 39, 342, 542, NULL, 0),
(259, 25, 394, 594, NULL, 0),
(259, 9, 399, 599, NULL, 0),
(259, 26, 400, 600, NULL, 0),
(260, 4, 315, 515, NULL, 0),
(260, 47, 316, 516, NULL, 0),
(260, 18, 320, 520, NULL, 0),
(260, 11, 329, 529, NULL, 0),
(260, 46, 330, 530, NULL, 0),
(260, 43, 343, 543, NULL, 0),
(260, 27, 352, 552, NULL, 0),
(260, 23, 363, 563, NULL, 0),
(261, 12, 306, 506, NULL, 0),
(261, 7, 317, 517, NULL, 0),
(261, 36, 333, 533, NULL, 0),
(261, 45, 364, 564, NULL, 0),
(261, 13, 366, 566, NULL, 0),
(261, 10, 383, 583, NULL, 0),
(261, 12, 394, 594, NULL, 0),
(261, 14, 395, 595, NULL, 0),
(262, 11, 329, 529, NULL, 0),
(262, 38, 345, 545, NULL, 0),
(262, 31, 350, 550, NULL, 0),
(262, 34, 354, 554, NULL, 0),
(262, 39, 361, 561, NULL, 0),
(262, 45, 365, 565, NULL, 0),
(262, 15, 374, 574, NULL, 0),
(262, 25, 385, 585, NULL, 0),
(263, 39, 311, 511, NULL, 0),
(263, 41, 314, 514, NULL, 0),
(263, 17, 332, 532, NULL, 0),
(263, 15, 349, 549, NULL, 0),
(263, 33, 354, 554, NULL, 0),
(263, 34, 387, 587, NULL, 0),
(264, 21, 317, 517, NULL, 0),
(264, 44, 325, 525, NULL, 0),
(264, 18, 365, 565, NULL, 0),
(264, 3, 380, 580, NULL, 0),
(265, 10, 320, 520, NULL, 0),
(265, 12, 346, 546, NULL, 0),
(265, 28, 352, 552, NULL, 0),
(265, 32, 386, 586, NULL, 0),
(266, 19, 314, 514, NULL, 0),
(266, 45, 343, 543, NULL, 0),
(267, 19, 303, 503, NULL, 0),
(267, 27, 309, 509, NULL, 0),
(267, 24, 324, 524, NULL, 0),
(267, 39, 366, 566, NULL, 0),
(267, 5, 381, 581, NULL, 0),
(268, 49, 306, 506, NULL, 0),
(268, 38, 334, 534, NULL, 0),
(268, 34, 335, 535, NULL, 0),
(268, 28, 366, 566, NULL, 0),
(268, 25, 387, 587, NULL, 0),
(269, 1, 301, 501, NULL, 0),
(269, 6, 322, 522, NULL, 0),
(269, 33, 350, 550, NULL, 0),
(269, 10, 357, 557, NULL, 0),
(269, 36, 396, 596, NULL, 0),
(270, 28, 303, 503, NULL, 0),
(270, 49, 304, 504, NULL, 0),
(270, 31, 320, 520, NULL, 0),
(270, 15, 333, 533, NULL, 0),
(270, 17, 338, 538, NULL, 0),
(270, 40, 357, 557, NULL, 0),
(270, 14, 368, 568, NULL, 0),
(270, 18, 398, 598, NULL, 0),
(271, 1, 320, 520, NULL, 0),
(271, 10, 343, 543, NULL, 0),
(271, 35, 349, 549, NULL, 0),
(271, 37, 364, 564, NULL, 0),
(271, 26, 370, 570, NULL, 0),
(272, 25, 308, 508, NULL, 0),
(272, 42, 326, 526, NULL, 0),
(272, 40, 328, 528, NULL, 0),
(272, 4, 329, 529, NULL, 0),
(272, 19, 330, 530, NULL, 0),
(272, 39, 347, 547, NULL, 0),
(272, 6, 348, 548, NULL, 0),
(273, 33, 302, 502, NULL, 0),
(273, 47, 304, 504, NULL, 0),
(273, 7, 312, 512, NULL, 0),
(273, 28, 340, 540, NULL, 0),
(273, 4, 372, 572, NULL, 0),
(273, 27, 385, 585, NULL, 0),
(274, 37, 336, 536, NULL, 0),
(274, 50, 345, 545, NULL, 0),
(274, 29, 355, 555, NULL, 0),
(274, 16, 374, 574, NULL, 0),
(275, 22, 336, 536, NULL, 0),
(275, 26, 344, 544, NULL, 0),
(275, 15, 346, 546, NULL, 0),
(275, 36, 350, 550, NULL, 0),
(275, 34, 368, 568, NULL, 0),
(275, 19, 369, 569, NULL, 0),
(276, 49, 312, 512, NULL, 0),
(276, 44, 334, 534, NULL, 0),
(276, 48, 371, 571, NULL, 0),
(276, 47, 377, 577, NULL, 0),
(276, 5, 378, 578, NULL, 0),
(276, 39, 380, 580, NULL, 0),
(276, 18, 397, 597, NULL, 0),
(277, 14, 315, 515, NULL, 0),
(277, 34, 320, 520, NULL, 0),
(277, 41, 322, 522, NULL, 0),
(277, 12, 340, 540, NULL, 0),
(277, 24, 345, 545, NULL, 0),
(277, 42, 364, 564, NULL, 0),
(277, 19, 365, 565, NULL, 0),
(277, 50, 372, 572, NULL, 0),
(278, 45, 324, 524, NULL, 0),
(278, 2, 326, 526, NULL, 0),
(278, 48, 366, 566, NULL, 0),
(279, 39, 307, 507, NULL, 0),
(279, 49, 341, 541, NULL, 0),
(279, 50, 360, 560, NULL, 0),
(279, 19, 366, 566, NULL, 0),
(279, 25, 386, 586, NULL, 0),
(279, 14, 397, 597, NULL, 0),
(280, 5, 303, 503, NULL, 0),
(280, 37, 327, 527, NULL, 0),
(280, 46, 369, 569, NULL, 0),
(281, 24, 308, 508, NULL, 0),
(281, 35, 315, 515, NULL, 0),
(281, 45, 348, 548, NULL, 0),
(281, 35, 384, 584, NULL, 0),
(282, 40, 303, 503, NULL, 0),
(282, 25, 304, 504, NULL, 0),
(282, 28, 314, 514, NULL, 0),
(282, 20, 333, 533, NULL, 0),
(282, 7, 351, 551, NULL, 0),
(282, 23, 367, 567, NULL, 0),
(282, 12, 374, 574, NULL, 0),
(283, 40, 302, 502, NULL, 0),
(283, 38, 316, 516, NULL, 0),
(283, 10, 317, 517, NULL, 0),
(283, 41, 322, 522, NULL, 0),
(283, 1, 343, 543, NULL, 0),
(283, 23, 364, 564, NULL, 0),
(283, 50, 370, 570, NULL, 0),
(283, 14, 373, 573, NULL, 0),
(283, 37, 375, 575, NULL, 0),
(284, 41, 318, 518, NULL, 0),
(284, 13, 389, 589, NULL, 0),
(285, 1, 323, 523, NULL, 0),
(285, 44, 324, 524, NULL, 0),
(285, 23, 366, 566, NULL, 0),
(285, 35, 374, 574, NULL, 0),
(285, 23, 391, 591, NULL, 0),
(285, 19, 393, 593, NULL, 0),
(285, 1, 396, 596, NULL, 0),
(286, 19, 305, 505, NULL, 0),
(286, 5, 313, 513, NULL, 0),
(286, 21, 331, 531, NULL, 0),
(286, 44, 334, 534, NULL, 0),
(286, 24, 345, 545, NULL, 0),
(286, 25, 349, 549, NULL, 0),
(286, 44, 361, 561, NULL, 0),
(286, 8, 376, 576, NULL, 0),
(286, 6, 380, 580, NULL, 0),
(287, 28, 319, 519, NULL, 0),
(287, 8, 323, 523, NULL, 0),
(287, 46, 358, 558, NULL, 0),
(287, 45, 364, 564, NULL, 0),
(287, 5, 384, 584, NULL, 0),
(287, 40, 390, 590, NULL, 0),
(288, 28, 312, 512, NULL, 0),
(288, 28, 329, 529, NULL, 0),
(288, 6, 336, 536, NULL, 0),
(288, 24, 359, 559, NULL, 0),
(288, 23, 392, 592, NULL, 0),
(289, 22, 338, 538, NULL, 0),
(289, 47, 342, 542, NULL, 0),
(289, 47, 355, 555, NULL, 0),
(289, 23, 356, 556, NULL, 0),
(289, 21, 375, 575, NULL, 0),
(289, 40, 383, 583, NULL, 0),
(290, 5, 308, 508, NULL, 0),
(290, 27, 324, 524, NULL, 0),
(290, 4, 338, 538, NULL, 0),
(290, 2, 339, 539, NULL, 0),
(290, 7, 340, 540, NULL, 0),
(290, 28, 346, 546, NULL, 0),
(290, 37, 369, 569, NULL, 0),
(291, 24, 312, 512, NULL, 0),
(291, 10, 342, 542, NULL, 0),
(291, 29, 347, 547, NULL, 0),
(291, 6, 362, 562, NULL, 0),
(291, 42, 366, 566, NULL, 0),
(292, 11, 312, 512, NULL, 0),
(292, 6, 325, 525, NULL, 0),
(292, 1, 326, 526, NULL, 0),
(292, 42, 334, 534, NULL, 0),
(292, 42, 366, 566, NULL, 0),
(292, 32, 391, 591, NULL, 0),
(293, 39, 316, 516, NULL, 0),
(293, 46, 352, 552, NULL, 0),
(293, 17, 365, 565, NULL, 0),
(293, 39, 368, 568, NULL, 0),
(294, 24, 306, 506, NULL, 0),
(294, 16, 315, 515, NULL, 0),
(294, 48, 325, 525, NULL, 0),
(294, 46, 333, 533, NULL, 0),
(294, 22, 342, 542, NULL, 0),
(294, 7, 363, 563, NULL, 0),
(294, 3, 374, 574, NULL, 0),
(295, 3, 307, 507, NULL, 0),
(295, 19, 349, 549, NULL, 0),
(295, 29, 361, 561, NULL, 0),
(295, 10, 394, 594, NULL, 0),
(296, 25, 316, 516, NULL, 0),
(296, 33, 323, 523, NULL, 0),
(296, 14, 331, 531, NULL, 0),
(296, 7, 343, 543, NULL, 0),
(296, 24, 393, 593, NULL, 0),
(296, 23, 397, 597, NULL, 0),
(297, 41, 342, 542, NULL, 0),
(297, 39, 377, 577, NULL, 0),
(298, 17, 302, 502, NULL, 0),
(298, 1, 324, 524, NULL, 0),
(298, 36, 353, 553, NULL, 0),
(298, 23, 371, 571, NULL, 0),
(298, 36, 386, 586, NULL, 0),
(298, 11, 398, 598, NULL, 0),
(299, 5, 324, 524, NULL, 0),
(299, 27, 325, 525, NULL, 0),
(299, 49, 367, 567, NULL, 0),
(299, 35, 387, 587, NULL, 0),
(300, 4, 354, 554, NULL, 0),
(300, 23, 369, 569, NULL, 0),
(300, 27, 381, 581, NULL, 0);

--
-- Indexes for dumped tables
--

--
-- Indexes for table `Purchases`
--
ALTER TABLE `Purchases`
  ADD PRIMARY KEY (`Item_id`,`Purchase_basket_id`);
COMMIT;


/*!40101 SET SQL_MODE=@OLD_SQL_MODE */;
/*!40014 SET FOREIGN_KEY_CHECKS=@OLD_FOREIGN_KEY_CHECKS */;
/*!40014 SET UNIQUE_CHECKS=@OLD_UNIQUE_CHECKS */;
/*!40101 SET CHARACTER_SET_CLIENT=@OLD_CHARACTER_SET_CLIENT */;
/*!40101 SET CHARACTER_SET_RESULTS=@OLD_CHARACTER_SET_RESULTS */;
/*!40101 SET COLLATION_CONNECTION=@OLD_COLLATION_CONNECTION */;
/*!40111 SET SQL_NOTES=@OLD_SQL_NOTES */;

DROP TABLE IF EXISTS `Users`;
CREATE TABLE `Users` (
  `User_id` int(11) NOT NULL AUTO_INCREMENT,
  `User_name` text DEFAULT NULL,
  `Gender` enum('Male','Female') DEFAULT NULL,
  `Semester` enum('I','II','III','IV','V','VI','VIII','VII') DEFAULT NULL,
  `Department` enum('CSE','ECE','EEE','MECH','CIVIL','BT') DEFAULT NULL,
  `Email` text DEFAULT NULL,
  `Social_id` text DEFAULT NULL,
  PRIMARY KEY (`User_id`)
) ENGINE=InnoDB AUTO_INCREMENT=101 DEFAULT CHARSET=utf8mb4;

INSERT INTO `Users` VALUES ('1','ila57','Male','IV','BT','viva.hane@example.com','8'),
('2','fyundt','Female','VI','BT','afunk@example.net','8'),
('3','hackett.cortez','Male','I','EEE','ella47@example.net','1'),
('4','dfranecki','Female','II','BT','lilyan.champlin@example.net','1'),
('5','luz.mcdermott','Male','VI','CSE','xdickens@example.net','6'),
('6','barrows.lolita','Male','III','ECE','ryann.hamill@example.net','8'),
('7','cschroeder','Female','II','CIVIL','ulises.wilkinson@example.org','5'),
('8','linnea.rice','Female','I','EEE','nrogahn@example.org','6'),
('9','nbarton','Male','VII','ECE','devan57@example.org','3'),
('10','ucrooks','Female','VII','EEE','lowe.dasia@example.net','2'),
('11','tharvey','Female','IV','ECE','fisher.mylene@example.net','5'),
('12','gmcdermott','Male','VI','CSE','skunze@example.net',''),
('13','mcdermott.assunta','Male','VII','CIVIL','zbaumbach@example.com',''),
('14','kromaguera','Male','IV','CIVIL','tianna.crona@example.net','9'),
('15','aufderhar.bernard','Male','I','CIVIL','marquardt.damion@example.org',''),
('16','christian.mante','Male','IV','ECE','flarson@example.com','4'),
('17','maia23','Male','IV','BT','trent.baumbach@example.org','7'),
('18','metz.tremaine','Male','II','CSE','darrel.christiansen@example.net','1'),
('19','gabe.heller','Female','I','MECH','lind.jerrod@example.org','3'),
('20','azulauf','Female','V','BT','cartwright.fatima@example.com','9'),
('21','acarroll','Male','VIII','EEE','herbert99@example.net','4'),
('22','teagan.schimmel','Male','VIII','CIVIL','leo.dickens@example.org','1'),
('23','goldner.amelie','Male','I','EEE','uschinner@example.org','1'),
('24','margret76','Female','VIII','CIVIL','bruce19@example.net','4'),
('25','hayes.angeline','Female','VI','EEE','sabina.runolfsson@example.org','6'),
('26','kabshire','Male','V','EEE','emely30@example.net','5'),
('27','rowena.balistreri','Male','VI','MECH','delbert.considine@example.org',''),
('28','albin96','Female','VIII','CSE','gleichner.kellie@example.com','4'),
('29','brice.swift','Female','VI','CSE','aaliyah.dibbert@example.org','1'),
('30','shaniya88','Female','V','MECH','bdickens@example.com','7'),
('31','yost.bryana','Male','VII','CSE','dereck56@example.net','4'),
('32','nwisoky','Female','VI','ECE','kristopher.bartoletti@example.com','8'),
('33','joel54','Female','VIII','BT','alanna87@example.org','4'),
('34','kschmitt','Male','V','EEE','flatley.lucious@example.com','6'),
('35','brendon89','Male','VII','EEE','quitzon.freda@example.org','2'),
('36','darrell.will','Male','IV','MECH','gfeest@example.com','3'),
('37','frederique93','Male','VII','CIVIL','bbernier@example.com','9'),
('38','jblanda','Male','I','EEE','zschulist@example.org','6'),
('39','awehner','Female','II','ECE','lacy80@example.net','4'),
('40','morris68','Male','V','CIVIL','alexzander.zemlak@example.com','9'),
('41','imani.hauck','Male','V','ECE','caleigh.hintz@example.net','1'),
('42','leon.koss','Female','VII','CIVIL','gregorio72@example.com','3'),
('43','eldred.hickle','Male','I','CSE','xlynch@example.org','8'),
('44','willms.elyssa','Female','VI','MECH','ihilll@example.org','6'),
('45','royce19','Male','II','ECE','uspencer@example.net','9'),
('46','brandyn31','Female','V','MECH','pschinner@example.org',''),
('47','gusikowski.frida','Male','VIII','MECH','lonzo02@example.net','3'),
('48','wilbert06','Male','II','CSE','bartell.henri@example.com','3'),
('49','lonnie.roberts','Female','I','CIVIL','loyal.murphy@example.com','2'),
('50','thomas17','Female','V','CIVIL','gavin.simonis@example.org','6'),
('51','alejandra20','Female','V','EEE','darlene39@example.com','9'),
('52','alessandra.feeney','Male','VI','MECH','metz.rachel@example.org','4'),
('53','rowland.wilderman','Male','VIII','MECH','tillman.zella@example.net','9'),
('54','considine.arch','Female','I','BT','amani.halvorson@example.org','7'),
('55','kennedi68','Female','I','CIVIL','marge.heathcote@example.org','8'),
('56','opaucek','Female','I','CSE','kutch.tiffany@example.com','7'),
('57','okey35','Female','III','MECH','beahan.jason@example.com','1'),
('58','fausto75','Female','V','EEE','carole.turner@example.org','3'),
('59','haley.polly','Male','VII','BT','lakin.dayna@example.net',''),
('60','elva27','Female','III','MECH','herdman@example.org','2'),
('61','christa92','Female','VI','CIVIL','cortez.wiegand@example.com','4'),
('62','samanta20','Female','VIII','ECE','klein.annamae@example.net','2'),
('63','lucinda72','Female','VI','ECE','heathcote.josephine@example.org','3'),
('64','khalid.bernier','Female','I','CIVIL','betsy31@example.net','7'),
('65','goyette.shanie','Male','VIII','BT','gust20@example.net','7'),
('66','rebekah.bednar','Female','I','EEE','yosinski@example.com','8'),
('67','tnolan','Female','VII','BT','murazik.louvenia@example.com','7'),
('68','dkutch','Male','V','ECE','kebert@example.net','6'),
('69','dschneider','Male','VIII','CIVIL','torp.kamron@example.org','9'),
('70','dillan27','Female','VI','CSE','asia21@example.net','2'),
('71','harold.towne','Female','VII','BT','gerald45@example.org','4'),
('72','dibbert.pearl','Female','VIII','CSE','maude58@example.org','7'),
('73','carmen.klein','Male','VI','CIVIL','rita45@example.com','8'),
('74','ltoy','Female','II','CIVIL','lisette.crist@example.org','5'),
('75','langosh.phoebe','Female','III','BT','miller.malvina@example.org','9'),
('76','alia.thiel','Male','III','MECH','reichel.hattie@example.org','4'),
('77','judah50','Female','II','CIVIL','leann45@example.org','5'),
('78','halvorson.elisa','Female','II','CIVIL','pkeebler@example.org',''),
('79','okreiger','Female','VIII','CIVIL','jay44@example.com','3'),
('80','gterry','Female','II','CIVIL','anita.lubowitz@example.com','1'),
('81','aurelio.gutmann','Female','IV','ECE','beier.elinor@example.com',''),
('82','egrant','Male','III','CIVIL','dpouros@example.org','7'),
('83','vstokes','Male','V','BT','olaf.breitenberg@example.com','8'),
('84','schumm.leone','Female','IV','CSE','florine08@example.com','5'),
('85','mitchell.whitney','Male','VIII','MECH','vparisian@example.net','5'),
('86','nkihn','Female','VIII','BT','vborer@example.org','9'),
('87','grady.wayne','Male','II','CSE','beier.cathryn@example.com','2'),
('88','ahmad72','Male','II','MECH','willa48@example.com','9'),
('89','jedidiah79','Male','II','ECE','considine.hillary@example.com','5'),
('90','georgette.stokes','Female','VI','MECH','tromp.hailie@example.com','9'),
('91','beier.susie','Female','VIII','CSE','ho\'kon@example.net','6'),
('92','estevan.zboncak','Male','I','ECE','bayer.cali@example.com','1'),
('93','liliana96','Female','VI','ECE','lavada73@example.org','3'),
('94','ernser.leann','Male','VIII','EEE','mayert.marcelo@example.org','1'),
('95','schroeder.emmalee','Male','V','CIVIL','tyra74@example.org','4'),
('96','roslyn52','Male','VII','EEE','mayra29@example.net','3'),
('97','yherman','Male','IV','CIVIL','ukub@example.com','1'),
('98','pkuhn','Male','VII','ECE','hettinger.renee@example.net','3'),
('99','price.dale','Female','VI','EEE','eichmann.amalia@example.net','2'),
('100','kihn.fiona','Male','III','MECH','keagan.feil@example.org','8'); 


DROP TABLE IF EXISTS `Transactions`;
CREATE TABLE `Transactions` (
  `Transaction_id` int(11) NOT NULL AUTO_INCREMENT,
  `Transaction_timestamp` datetime DEFAULT NULL,
  `Transaction_amount` decimal(10,0) DEFAULT NULL,
  `Hash` text DEFAULT NULL,
  PRIMARY KEY (`Transaction_id`)
) ENGINE=InnoDB AUTO_INCREMENT=101 DEFAULT CHARSET=utf8mb4;

INSERT INTO `Transactions` VALUES ('1','1988-09-15 01:07:49','2285','cf75b619801f1d7bc43414247d6da02f7f65862f'),
('2','2002-03-18 23:29:40','190','8ee3579bd339316c24734f45d05ea8f0c674e5b2'),
('3','1998-06-28 18:15:05','2991','53da9028305c78f3da11decc9340d8a8ba7f8799'),
('4','2018-02-17 11:28:19','99','eecdf279749844ad129dcc3a8b4a6b40f9417b60'),
('5','1999-05-05 06:27:21','142771','9839b03a7f6e5c180c7b5a66a3ca1852caddff88'),
('6','1994-12-14 19:50:03','137416690','368d2eb224925b2b4e2ea82d237c5ac1156d4f24'),
('7','1974-05-02 15:07:14','953','638e5245fab7a24e23a1702af7e30452c21129bf'),
('8','1993-01-08 20:07:42','364420807','8a61e16251b9a9a9ec7588510c5f602040dd83de'),
('9','1983-04-16 22:32:41','6680834','2b2870e28562e8f6548587411bc6026c4f782edb'),
('10','1995-12-06 08:55:36','42962','038da23caa9f96e0a71fbf42179579d72929e214'),
('11','2008-11-30 04:51:54','4058','addbe3efe4d39978432f8b7183276f2902dc1523'),
('12','1977-01-16 17:25:19','967','be1be00a560af84fe729420f2de506b2aee91489'),
('13','2009-05-22 18:09:53','860','8dc1e409c7115f50bdcfbe3cc821627733ab8e6c'),
('14','1983-05-06 08:04:32','4551','1db99d674bd307f32d098a7554c6cc0152e0f439'),
('15','1975-04-25 09:47:33','64489198','74bd4228fd7cb3ebc631276147d57f2ce0c13dc1'),
('16','1987-08-07 14:37:24','273','599ab1aa765cdedb1df629016595b8e33c24e2b4'),
('17','1989-10-29 15:45:38','588282','84a2cea7e1b62af6d4ad760aa82f87a3ff34c8ce'),
('18','1974-05-09 14:50:51','24754907','cb46cd8495560f43e2b6c17aa552863f96318934'),
('19','1973-04-06 23:31:22','4851','5209e0e4d5872437fb7c60f5c144704904bcdbcc'),
('20','1990-03-03 11:38:11','860','3f9aa919f8dbff170e90398fca9982ee284c1e86'),
('21','1985-12-05 07:00:19','330','365902a87902ea3ef1fba08011b146d900a1c2d1'),
('22','2014-11-03 17:37:31','1082','d90dac6b0cf7a9fe9f34582201fa66e425ab08fc'),
('23','1977-08-30 01:05:02','686','117e149b2200a1718384b48cf75df76ccea0dbfc'),
('24','1985-04-25 19:31:59','121457890','7ee0f2b455173f5a2a13dbe3434127122072f36a'),
('25','1976-08-26 23:25:04','25','f8f25fe65376a178c70e9be10be117da42fd6244'),
('26','1977-11-09 04:20:49','999','02a8ece8cf6ca6a0e82d9e6861d7ff7477ab9d31'),
('27','2003-02-04 07:19:43','394300984','f129d48a3fb5125fbbb71f637a646cf042ea2a8e'),
('28','1987-06-20 11:05:14','1718','c4e14d724cb9e232e7632aaa67cff176927b512b'),
('29','2018-02-07 07:36:08','223','fbf1bc7888517b0491de5e2e79c5f76d5b011995'),
('30','1999-05-19 08:31:19','367','85163c74ee518d3daad96465bf74d5512db2a455'),
('31','1986-04-15 22:11:57','679','30a5ff4851c2d5b185dc76b701d3790698e639c6'),
('32','2011-09-02 06:26:10','270','51099f33bfbe256c558b07b994121e829cd4b1db'),
('33','1981-09-01 20:45:03','6365658','dec67066d7806ac744e855cd77dd29b1d6b598fc'),
('34','1976-08-04 18:52:53','5448','be02217fecc933a68315371d52819fa8f783c3e0'),
('35','1973-08-01 12:38:53','27014','090910c7ee922db1f130fa62765b4cc3e840827a'),
('36','1995-04-21 07:11:26','804','9c407301d7cd252b7b99b02cd3f68ad7353354ff'),
('37','1978-12-03 10:53:33','530','2fd3b8ee02c427b98f2e40cf339698e6f231deac'),
('38','1970-06-13 12:23:55','259348224','9ab6ecef955e33319a942bfa1e11d1049c741774'),
('39','1989-03-03 16:45:09','980','c0c14dacdc823c10e692f6de299c7a3e701a20b3'),
('40','1994-10-19 08:34:12','429154','fd876386a76621c373aa08e27694e1ff8147e6ea'),
('41','1979-04-19 22:43:00','998','fa97f9c0f15487cbd2f209cdb7e647af9c08e193'),
('42','1975-05-12 10:35:18','816','3428a9eb40681bca9ef282d4a24113888654e7a5'),
('43','1996-12-27 18:23:15','720','6438d880a3200033258cfc92bbfa7f15a515d48d'),
('44','2009-07-16 20:26:53','902','d2cd1f445cdf176dee7616ec5e807b1cae1875d5'),
('45','2000-02-12 02:01:58','676','b2bbbd1426182b7ef6fe0e619c52c21c430b1ed2'),
('46','1985-12-09 21:26:30','12402456','cddd3d6ee78735569e9a4d2577c12202f62f9927'),
('47','2015-10-19 08:53:34','64883','e995fd7dc1c6a769d4691b8ddc9281f6f18fd0ae'),
('48','1972-05-17 09:03:12','5051209','8f0a02a87906bfe20e7866149516d6ce2e2e14b1'),
('49','1972-08-05 04:51:53','24183295','476ef793ea67c9f5c62b5f1b5f3b1d7ac0e57a94'),
('50','2001-06-29 05:40:29','4357303','469318dc2119abaf8db3f57d4145248cb3245788'),
('51','1996-02-12 05:49:39','1469848','73fad366ea6e9d09ee84852f2ccc8d47f58484ec'),
('52','2017-01-05 09:09:33','427646','144077ab208df0e7c554a3fd6d3f4b03de131777'),
('53','1991-03-25 23:08:36','539','7e88239992d935bf72ae40280ccbdd3ca14413cc'),
('54','1975-11-26 16:15:34','8206263','5f0d5ce5c4bc64eda6251d017564ec894529497b'),
('55','2007-12-17 16:05:05','1525','98a9c8e271613f5eb44e8765ef4ad59b8270b4bb'),
('56','1971-10-24 17:34:01','37731938','d2e0974cc9f659e5d180098824a1952980c36b07'),
('57','2006-02-01 21:29:17','45802207','8e86be6d0711aad6b1dcb39871a9925ac883c333'),
('58','1990-04-21 07:52:53','591','f2ee09251a70f598678033506276b2bdb9228b36'),
('59','2008-12-22 16:41:51','590','d27fed83a39541b2eefa0bfff30813e997c9ec34'),
('60','1972-11-13 05:38:22','929','0cf58d22006fda334304f9085d855ce6455bc10c'),
('61','1989-05-29 04:05:31','920','4c74bf29b08f33e180f9d2c3f0bac6bf00db182e'),
('62','1988-10-25 18:41:04','45203398','113686a180dbe9b97e386f37740e80f6ae211a9f'),
('63','1982-02-26 18:00:19','8894356','8de5e6bacd5e827e3d1b415e7e22c84f70eb3de2'),
('64','1997-07-10 09:46:04','68718','50d6d1570d2264a53d1690b5d689c8cfb6ba73b9'),
('65','1988-01-01 04:12:21','15','52d7ab6f378f19cd70f2fc7316df3ca2c9d9847d'),
('66','2000-07-15 20:15:55','212834','204423630c14b8a34d719049f30c0a5e5b94f480'),
('67','2016-12-14 03:19:31','47613','1ffd5356c1be85fbe86e0bf696b10bc57f5888fb'),
('68','2005-05-09 11:08:39','4280808','35c44d63b8d5ffec2a05ad5c7b730310e608db1d'),
('69','1989-04-23 22:25:58','110','6dffbc172ec99f038098866383054614f047a910'),
('70','1972-07-16 02:05:11','303','5382482ebf1d8ae6312bebd952c80e367dc1b1fe'),
('71','2010-02-13 06:32:06','5564358','e6ccbb0cc5e4fba65439f9c66d6d7a70a5e15d69'),
('72','1973-11-05 05:27:09','279','3a6f88c53dc653fccb4f766820af2c741c6cfc7a'),
('73','2009-12-05 15:45:10','17769212','df9a37724970655354ca14c46d85a7be5c3b30c3'),
('74','2010-07-16 04:00:40','125546873','ad3f6003bf92f684d64f50fa06714981d55edb1c'),
('75','2011-10-09 21:50:01','8011386','f83516ca6885616b721b0af6e37b5f0ad26f2d77'),
('76','1975-06-19 19:40:31','1603','516869ad67cebcdfbec3d3f8da57cc54d700bfef'),
('77','2013-08-13 08:39:25','1059','f89925235bce44a36af8c35a13b6e228b3f6bd3c'),
('78','1991-11-14 17:09:48','916','95fbceeb37d379d8a8f3996ff6340c6d5c583622'),
('79','2018-03-02 08:45:26','990','dc12716f9c40fd5ad70891ef2769382b9b9b31fe'),
('80','2003-01-26 09:19:04','563','d2f69f574d31cf6d9b766f077ad119dd152d7f50'),
('81','1994-01-08 09:19:46','89469','c742913faa2bfbe25575c82f9c0e078a638bde2a'),
('82','2008-04-13 14:51:22','653','6b03fadef5c029573d4fc998b040081ca6e4bbdf'),
('83','2013-02-02 11:43:55','849038','3bf0388f9c94f858b808e3c2f2effc0e4f54be53'),
('84','1991-02-27 23:53:36','661705210','8c508db0260e3dce76c060af5902fa53fdac813d'),
('85','1989-06-13 09:01:36','512755','79a0bbdd0abd589801488bbdf63fe881b6cca22e'),
('86','2006-08-03 07:22:42','7049','2e86bff5cf3f48696be69c7a36aa2f0d71d34a2a'),
('87','1992-10-20 08:13:38','183494','7e80c8c56a935351dd85bd9e6bc201c51f1806bd'),
('88','1996-09-25 05:50:37','761','8c74288ad24403aebc2a7eed22955af30619e1f5'),
('89','2011-09-25 19:39:29','7593','d02bad213229b15829b7b06eb31c324d33165fd4'),
('90','1979-12-13 14:06:12','649040','f7e7e467e2d44f35b484048f04e06e3d2d0385e8'),
('91','2004-04-06 14:03:40','934','c5d66e595704fbf030d809c25836e8616ef8fb88'),
('92','2002-12-21 11:39:14','502','d92222a333179c0614cb760a790db0b721ff6b41'),
('93','1986-11-16 04:38:53','2067','2f790e16ecf91245fe3ec80e308dfb7b145a0e59'),
('94','1986-09-28 22:45:07','26457','47baea012a61d3a68d56a677e8485e1f2da70fc0'),
('95','1986-05-25 16:51:34','13016','3bbd8bbce054f32356e814cc3c4984b809cbd4d5'),
('96','1996-01-11 16:24:58','408967','fd59ba682640e9349771ebb15b0c4b9e461c22f0'),
('97','1974-12-19 22:01:22','30460764','6eac21c17e64f06b8496735e1cae6420552870ba'),
('98','2014-08-13 10:56:48','253','317c444a08b81d17fc04217f2eb192e87e76f55c'),
('99','1970-04-04 21:55:16','334','90182868738a614d3daaffdc3c623d6811b5dcfe'),
('100','1998-07-18 18:13:26','678','28affd7d99ab20f97decbb9ab1ac51cb46a1da26'); 




/*!40101 SET SQL_MODE=@OLD_SQL_MODE */;
/*!40014 SET FOREIGN_KEY_CHECKS=@OLD_FOREIGN_KEY_CHECKS */;
/*!40014 SET UNIQUE_CHECKS=@OLD_UNIQUE_CHECKS */;
/*!40101 SET CHARACTER_SET_CLIENT=@OLD_CHARACTER_SET_CLIENT */;
/*!40101 SET CHARACTER_SET_RESULTS=@OLD_CHARACTER_SET_RESULTS */;
/*!40101 SET COLLATION_CONNECTION=@OLD_COLLATION_CONNECTION */;
/*!40111 SET SQL_NOTES=@OLD_SQL_NOTES */;


<<<<<<< HEAD
##############Favorities

DROP TABLE IF EXISTS `Favorites`;
CREATE TABLE `Favorites` (
  `Item_id` int(11) NOT NULL,
  `User_id` int(11) NOT NULL,
  PRIMARY KEY (`Item_id`,`User_id`)
) ENGINE=InnoDB DEFAULT CHARSET=utf8mb4;

INSERT INTO `Favorites` VALUES 
('201','334'),
('201','395'),
('201','332'),
('201','347'),
('201','375'),
('202','347'),
('202','301'),
('202','384'),
('202','317'),
('202','383'),
('202','303'),
('203','316'),
('203','368'),
('204','319'),
('204','398'),
('205','386'),
('205','372'),
('206','327'),
('206','394'),
('206','353'),
('207','353'),
('207','362'),
('207','384'),
('207','336'),
('207','346'),
('207','344'),
('207','318'),
('208','393'),
('208','351'),
('208','382'),
('208','364'),
('209','310'),
('209','313'),
('209','395'),
('209','371'),
('209','384'),
('209','343'),
('209','321'),
('210','374'),
('210','360'),
('210','324'),
('210','342'),
('210','323'),
('210','316'),
('211','338'),
('211','328'),
('211','326'),
('212','335'),
('212','315'),
('212','301'),
('212','317'),
('212','366'),
('213','395'),
('213','384'),
('213','380'),
('214','360'),
('214','359'),
('214','333'),
('214','384'),
('215','327'),
('215','347'),
('215','307'),
('215','318'),
('215','367'),
('215','364');
=======
update Purchases set User_id=Purchase_basket_id;
update Purchases set Canteen_id=Purchase_basket_id;
>>>>>>> 99d9ea5be9502f537113f51b47504e160c79962d
