#
# TABLE STRUCTURE FOR: Canteen
#

DROP TABLE IF EXISTS `Canteen`;

CREATE TABLE `Canteen` (
  `Canteen_id` int(11) DEFAULT NULL,
  `Canteen_name` text DEFAULT NULL,
  `Owner_id` int(11) DEFAULT NULL
) ENGINE=InnoDB DEFAULT CHARSET=utf8mb4;

INSERT INTO `Canteen` (`Canteen_id`, `Canteen_name`, `Owner_id`) VALUES (99, 'nisi', 146);
INSERT INTO `Canteen` (`Canteen_id`, `Canteen_name`, `Owner_id`) VALUES (75, 'illum', 186);
INSERT INTO `Canteen` (`Canteen_id`, `Canteen_name`, `Owner_id`) VALUES (34, 'sint', 190);
INSERT INTO `Canteen` (`Canteen_id`, `Canteen_name`, `Owner_id`) VALUES (64, 'illum', 109);
INSERT INTO `Canteen` (`Canteen_id`, `Canteen_name`, `Owner_id`) VALUES (70, 'aliquam', 199);
INSERT INTO `Canteen` (`Canteen_id`, `Canteen_name`, `Owner_id`) VALUES (45, 'ea', 131);
INSERT INTO `Canteen` (`Canteen_id`, `Canteen_name`, `Owner_id`) VALUES (59, 'earum', 106);
INSERT INTO `Canteen` (`Canteen_id`, `Canteen_name`, `Owner_id`) VALUES (13, 'quas', 173);
INSERT INTO `Canteen` (`Canteen_id`, `Canteen_name`, `Owner_id`) VALUES (51, 'sed', 155);
INSERT INTO `Canteen` (`Canteen_id`, `Canteen_name`, `Owner_id`) VALUES (10, 'est', 152);
INSERT INTO `Canteen` (`Canteen_id`, `Canteen_name`, `Owner_id`) VALUES (87, 'et', 175);
INSERT INTO `Canteen` (`Canteen_id`, `Canteen_name`, `Owner_id`) VALUES (33, 'eos', 177);
INSERT INTO `Canteen` (`Canteen_id`, `Canteen_name`, `Owner_id`) VALUES (14, 'praesentium', 188);
INSERT INTO `Canteen` (`Canteen_id`, `Canteen_name`, `Owner_id`) VALUES (90, 'voluptas', 123);
INSERT INTO `Canteen` (`Canteen_id`, `Canteen_name`, `Owner_id`) VALUES (67, 'repellat', 111);
INSERT INTO `Canteen` (`Canteen_id`, `Canteen_name`, `Owner_id`) VALUES (50, 'nostrum', 169);
INSERT INTO `Canteen` (`Canteen_id`, `Canteen_name`, `Owner_id`) VALUES (63, 'ut', 144);
INSERT INTO `Canteen` (`Canteen_id`, `Canteen_name`, `Owner_id`) VALUES (19, 'hic', 154);
INSERT INTO `Canteen` (`Canteen_id`, `Canteen_name`, `Owner_id`) VALUES (15, 'totam', 145);
INSERT INTO `Canteen` (`Canteen_id`, `Canteen_name`, `Owner_id`) VALUES (73, 'qui', 114);
INSERT INTO `Canteen` (`Canteen_id`, `Canteen_name`, `Owner_id`) VALUES (21, 'quae', 128);
INSERT INTO `Canteen` (`Canteen_id`, `Canteen_name`, `Owner_id`) VALUES (30, 'maxime', 135);
INSERT INTO `Canteen` (`Canteen_id`, `Canteen_name`, `Owner_id`) VALUES (61, 'esse', 158);
INSERT INTO `Canteen` (`Canteen_id`, `Canteen_name`, `Owner_id`) VALUES (85, 'officia', 180);
INSERT INTO `Canteen` (`Canteen_id`, `Canteen_name`, `Owner_id`) VALUES (60, 'sequi', 198);
INSERT INTO `Canteen` (`Canteen_id`, `Canteen_name`, `Owner_id`) VALUES (53, 'exercitationem', 137);
INSERT INTO `Canteen` (`Canteen_id`, `Canteen_name`, `Owner_id`) VALUES (98, 'quod', 133);
INSERT INTO `Canteen` (`Canteen_id`, `Canteen_name`, `Owner_id`) VALUES (62, 'repellendus', 147);
INSERT INTO `Canteen` (`Canteen_id`, `Canteen_name`, `Owner_id`) VALUES (47, 'amet', 170);
INSERT INTO `Canteen` (`Canteen_id`, `Canteen_name`, `Owner_id`) VALUES (46, 'voluptatum', 156);
INSERT INTO `Canteen` (`Canteen_id`, `Canteen_name`, `Owner_id`) VALUES (7, 'earum', 183);
INSERT INTO `Canteen` (`Canteen_id`, `Canteen_name`, `Owner_id`) VALUES (1, 'voluptas', 127);
INSERT INTO `Canteen` (`Canteen_id`, `Canteen_name`, `Owner_id`) VALUES (95, 'qui', 172);
INSERT INTO `Canteen` (`Canteen_id`, `Canteen_name`, `Owner_id`) VALUES (100, 'in', 118);
INSERT INTO `Canteen` (`Canteen_id`, `Canteen_name`, `Owner_id`) VALUES (4, 'suscipit', 112);
INSERT INTO `Canteen` (`Canteen_id`, `Canteen_name`, `Owner_id`) VALUES (43, 'consequuntur', 179);
INSERT INTO `Canteen` (`Canteen_id`, `Canteen_name`, `Owner_id`) VALUES (20, 'voluptatem', 149);
INSERT INTO `Canteen` (`Canteen_id`, `Canteen_name`, `Owner_id`) VALUES (69, 'et', 182);
INSERT INTO `Canteen` (`Canteen_id`, `Canteen_name`, `Owner_id`) VALUES (38, 'deserunt', 176);
INSERT INTO `Canteen` (`Canteen_id`, `Canteen_name`, `Owner_id`) VALUES (11, 'aut', 141);
INSERT INTO `Canteen` (`Canteen_id`, `Canteen_name`, `Owner_id`) VALUES (93, 'reprehenderit', 104);
INSERT INTO `Canteen` (`Canteen_id`, `Canteen_name`, `Owner_id`) VALUES (54, 'cumque', 110);
INSERT INTO `Canteen` (`Canteen_id`, `Canteen_name`, `Owner_id`) VALUES (40, 'quis', 103);
INSERT INTO `Canteen` (`Canteen_id`, `Canteen_name`, `Owner_id`) VALUES (83, 'atque', 122);
INSERT INTO `Canteen` (`Canteen_id`, `Canteen_name`, `Owner_id`) VALUES (12, 'aspernatur', 130);
INSERT INTO `Canteen` (`Canteen_id`, `Canteen_name`, `Owner_id`) VALUES (37, 'molestiae', 107);
INSERT INTO `Canteen` (`Canteen_id`, `Canteen_name`, `Owner_id`) VALUES (39, 'et', 160);
INSERT INTO `Canteen` (`Canteen_id`, `Canteen_name`, `Owner_id`) VALUES (2, 'quidem', 194);
INSERT INTO `Canteen` (`Canteen_id`, `Canteen_name`, `Owner_id`) VALUES (5, 'quia', 184);
INSERT INTO `Canteen` (`Canteen_id`, `Canteen_name`, `Owner_id`) VALUES (91, 'quia', 151);
INSERT INTO `Canteen` (`Canteen_id`, `Canteen_name`, `Owner_id`) VALUES (65, 'totam', 157);
INSERT INTO `Canteen` (`Canteen_id`, `Canteen_name`, `Owner_id`) VALUES (56, 'neque', 195);
INSERT INTO `Canteen` (`Canteen_id`, `Canteen_name`, `Owner_id`) VALUES (97, 'ullam', 148);
INSERT INTO `Canteen` (`Canteen_id`, `Canteen_name`, `Owner_id`) VALUES (48, 'et', 167);
INSERT INTO `Canteen` (`Canteen_id`, `Canteen_name`, `Owner_id`) VALUES (22, 'dolores', 150);
INSERT INTO `Canteen` (`Canteen_id`, `Canteen_name`, `Owner_id`) VALUES (9, 'voluptatem', 120);
INSERT INTO `Canteen` (`Canteen_id`, `Canteen_name`, `Owner_id`) VALUES (25, 'assumenda', 165);
INSERT INTO `Canteen` (`Canteen_id`, `Canteen_name`, `Owner_id`) VALUES (8, 'velit', 191);
INSERT INTO `Canteen` (`Canteen_id`, `Canteen_name`, `Owner_id`) VALUES (96, 'velit', 163);
INSERT INTO `Canteen` (`Canteen_id`, `Canteen_name`, `Owner_id`) VALUES (78, 'quo', 136);
INSERT INTO `Canteen` (`Canteen_id`, `Canteen_name`, `Owner_id`) VALUES (41, 'suscipit', 189);
INSERT INTO `Canteen` (`Canteen_id`, `Canteen_name`, `Owner_id`) VALUES (44, 'quae', 168);
INSERT INTO `Canteen` (`Canteen_id`, `Canteen_name`, `Owner_id`) VALUES (18, 'at', 115);
INSERT INTO `Canteen` (`Canteen_id`, `Canteen_name`, `Owner_id`) VALUES (17, 'quis', 178);
INSERT INTO `Canteen` (`Canteen_id`, `Canteen_name`, `Owner_id`) VALUES (86, 'quo', 124);
INSERT INTO `Canteen` (`Canteen_id`, `Canteen_name`, `Owner_id`) VALUES (77, 'tempore', 105);
INSERT INTO `Canteen` (`Canteen_id`, `Canteen_name`, `Owner_id`) VALUES (66, 'eligendi', 140);
INSERT INTO `Canteen` (`Canteen_id`, `Canteen_name`, `Owner_id`) VALUES (24, 'libero', 101);
INSERT INTO `Canteen` (`Canteen_id`, `Canteen_name`, `Owner_id`) VALUES (16, 'inventore', 185);
INSERT INTO `Canteen` (`Canteen_id`, `Canteen_name`, `Owner_id`) VALUES (6, 'eveniet', 129);
INSERT INTO `Canteen` (`Canteen_id`, `Canteen_name`, `Owner_id`) VALUES (35, 'provident', 126);
INSERT INTO `Canteen` (`Canteen_id`, `Canteen_name`, `Owner_id`) VALUES (31, 'dignissimos', 193);
INSERT INTO `Canteen` (`Canteen_id`, `Canteen_name`, `Owner_id`) VALUES (71, 'explicabo', 153);
INSERT INTO `Canteen` (`Canteen_id`, `Canteen_name`, `Owner_id`) VALUES (58, 'quo', 166);
INSERT INTO `Canteen` (`Canteen_id`, `Canteen_name`, `Owner_id`) VALUES (57, 'quos', 125);
INSERT INTO `Canteen` (`Canteen_id`, `Canteen_name`, `Owner_id`) VALUES (76, 'qui', 113);
INSERT INTO `Canteen` (`Canteen_id`, `Canteen_name`, `Owner_id`) VALUES (32, 'illo', 121);
INSERT INTO `Canteen` (`Canteen_id`, `Canteen_name`, `Owner_id`) VALUES (84, 'culpa', 134);
INSERT INTO `Canteen` (`Canteen_id`, `Canteen_name`, `Owner_id`) VALUES (80, 'corporis', 139);
INSERT INTO `Canteen` (`Canteen_id`, `Canteen_name`, `Owner_id`) VALUES (82, 'accusantium', 117);
INSERT INTO `Canteen` (`Canteen_id`, `Canteen_name`, `Owner_id`) VALUES (26, 'commodi', 197);
INSERT INTO `Canteen` (`Canteen_id`, `Canteen_name`, `Owner_id`) VALUES (23, 'molestias', 200);
INSERT INTO `Canteen` (`Canteen_id`, `Canteen_name`, `Owner_id`) VALUES (81, 'reiciendis', 187);
INSERT INTO `Canteen` (`Canteen_id`, `Canteen_name`, `Owner_id`) VALUES (42, 'earum', 116);
INSERT INTO `Canteen` (`Canteen_id`, `Canteen_name`, `Owner_id`) VALUES (52, 'laudantium', 142);
INSERT INTO `Canteen` (`Canteen_id`, `Canteen_name`, `Owner_id`) VALUES (74, 'dolor', 138);
INSERT INTO `Canteen` (`Canteen_id`, `Canteen_name`, `Owner_id`) VALUES (27, 'sunt', 192);
INSERT INTO `Canteen` (`Canteen_id`, `Canteen_name`, `Owner_id`) VALUES (88, 'cum', 161);
INSERT INTO `Canteen` (`Canteen_id`, `Canteen_name`, `Owner_id`) VALUES (28, 'mollitia', 196);
INSERT INTO `Canteen` (`Canteen_id`, `Canteen_name`, `Owner_id`) VALUES (3, 'odio', 174);
INSERT INTO `Canteen` (`Canteen_id`, `Canteen_name`, `Owner_id`) VALUES (92, 'iure', 102);
INSERT INTO `Canteen` (`Canteen_id`, `Canteen_name`, `Owner_id`) VALUES (49, 'ipsam', 159);
INSERT INTO `Canteen` (`Canteen_id`, `Canteen_name`, `Owner_id`) VALUES (29, 'eos', 171);
INSERT INTO `Canteen` (`Canteen_id`, `Canteen_name`, `Owner_id`) VALUES (68, 'quam', 119);
INSERT INTO `Canteen` (`Canteen_id`, `Canteen_name`, `Owner_id`) VALUES (79, 'magnam', 143);
INSERT INTO `Canteen` (`Canteen_id`, `Canteen_name`, `Owner_id`) VALUES (55, 'nostrum', 162);
INSERT INTO `Canteen` (`Canteen_id`, `Canteen_name`, `Owner_id`) VALUES (72, 'et', 181);
INSERT INTO `Canteen` (`Canteen_id`, `Canteen_name`, `Owner_id`) VALUES (94, 'sint', 108);
INSERT INTO `Canteen` (`Canteen_id`, `Canteen_name`, `Owner_id`) VALUES (89, 'sequi', 132);
INSERT INTO `Canteen` (`Canteen_id`, `Canteen_name`, `Owner_id`) VALUES (36, 'numquam', 164);


#
# TABLE STRUCTURE FOR: Has
#

DROP TABLE IF EXISTS `Has`;

CREATE TABLE `Has` (
  `Canteen_id` int(11) DEFAULT NULL,
  `Items_id` int(11) DEFAULT NULL,
  `Has_quantity` int(11) DEFAULT NULL
) ENGINE=InnoDB DEFAULT CHARSET=utf8mb4;

INSERT INTO `Has` (`Canteen_id`, `Items_id`, `Has_quantity`) VALUES (92, 262, 2);
INSERT INTO `Has` (`Canteen_id`, `Items_id`, `Has_quantity`) VALUES (9, 226, 4);
INSERT INTO `Has` (`Canteen_id`, `Items_id`, `Has_quantity`) VALUES (71, 263, 1);
INSERT INTO `Has` (`Canteen_id`, `Items_id`, `Has_quantity`) VALUES (13, 258, 2);
INSERT INTO `Has` (`Canteen_id`, `Items_id`, `Has_quantity`) VALUES (70, 286, 6);
INSERT INTO `Has` (`Canteen_id`, `Items_id`, `Has_quantity`) VALUES (73, 251, 8);
INSERT INTO `Has` (`Canteen_id`, `Items_id`, `Has_quantity`) VALUES (58, 206, 8);
INSERT INTO `Has` (`Canteen_id`, `Items_id`, `Has_quantity`) VALUES (1, 297, 9);
INSERT INTO `Has` (`Canteen_id`, `Items_id`, `Has_quantity`) VALUES (83, 211, 5);
INSERT INTO `Has` (`Canteen_id`, `Items_id`, `Has_quantity`) VALUES (19, 222, 6);
INSERT INTO `Has` (`Canteen_id`, `Items_id`, `Has_quantity`) VALUES (75, 201, 7);
INSERT INTO `Has` (`Canteen_id`, `Items_id`, `Has_quantity`) VALUES (72, 216, 1);
INSERT INTO `Has` (`Canteen_id`, `Items_id`, `Has_quantity`) VALUES (7, 269, 5);
INSERT INTO `Has` (`Canteen_id`, `Items_id`, `Has_quantity`) VALUES (88, 241, 7);
INSERT INTO `Has` (`Canteen_id`, `Items_id`, `Has_quantity`) VALUES (40, 224, 4);
INSERT INTO `Has` (`Canteen_id`, `Items_id`, `Has_quantity`) VALUES (69, 296, 6);
INSERT INTO `Has` (`Canteen_id`, `Items_id`, `Has_quantity`) VALUES (15, 250, 1);
INSERT INTO `Has` (`Canteen_id`, `Items_id`, `Has_quantity`) VALUES (53, 227, 3);
INSERT INTO `Has` (`Canteen_id`, `Items_id`, `Has_quantity`) VALUES (34, 236, 4);
INSERT INTO `Has` (`Canteen_id`, `Items_id`, `Has_quantity`) VALUES (97, 202, 7);
INSERT INTO `Has` (`Canteen_id`, `Items_id`, `Has_quantity`) VALUES (78, 214, 2);
INSERT INTO `Has` (`Canteen_id`, `Items_id`, `Has_quantity`) VALUES (57, 238, 7);
INSERT INTO `Has` (`Canteen_id`, `Items_id`, `Has_quantity`) VALUES (65, 299, 6);
INSERT INTO `Has` (`Canteen_id`, `Items_id`, `Has_quantity`) VALUES (26, 260, 5);
INSERT INTO `Has` (`Canteen_id`, `Items_id`, `Has_quantity`) VALUES (66, 242, 9);
INSERT INTO `Has` (`Canteen_id`, `Items_id`, `Has_quantity`) VALUES (43, 268, 8);
INSERT INTO `Has` (`Canteen_id`, `Items_id`, `Has_quantity`) VALUES (47, 212, 9);
INSERT INTO `Has` (`Canteen_id`, `Items_id`, `Has_quantity`) VALUES (16, 261, 3);
INSERT INTO `Has` (`Canteen_id`, `Items_id`, `Has_quantity`) VALUES (10, 292, 3);
INSERT INTO `Has` (`Canteen_id`, `Items_id`, `Has_quantity`) VALUES (42, 239, 1);
INSERT INTO `Has` (`Canteen_id`, `Items_id`, `Has_quantity`) VALUES (20, 221, 8);
INSERT INTO `Has` (`Canteen_id`, `Items_id`, `Has_quantity`) VALUES (44, 267, 7);
INSERT INTO `Has` (`Canteen_id`, `Items_id`, `Has_quantity`) VALUES (3, 288, 2);
INSERT INTO `Has` (`Canteen_id`, `Items_id`, `Has_quantity`) VALUES (67, 249, 4);
INSERT INTO `Has` (`Canteen_id`, `Items_id`, `Has_quantity`) VALUES (27, 278, 6);
INSERT INTO `Has` (`Canteen_id`, `Items_id`, `Has_quantity`) VALUES (36, 204, 4);
INSERT INTO `Has` (`Canteen_id`, `Items_id`, `Has_quantity`) VALUES (82, 245, 9);
INSERT INTO `Has` (`Canteen_id`, `Items_id`, `Has_quantity`) VALUES (61, 280, 6);
INSERT INTO `Has` (`Canteen_id`, `Items_id`, `Has_quantity`) VALUES (74, 230, 9);
INSERT INTO `Has` (`Canteen_id`, `Items_id`, `Has_quantity`) VALUES (4, 264, 8);
INSERT INTO `Has` (`Canteen_id`, `Items_id`, `Has_quantity`) VALUES (87, 265, 4);
INSERT INTO `Has` (`Canteen_id`, `Items_id`, `Has_quantity`) VALUES (94, 275, 8);
INSERT INTO `Has` (`Canteen_id`, `Items_id`, `Has_quantity`) VALUES (49, 210, 9);
INSERT INTO `Has` (`Canteen_id`, `Items_id`, `Has_quantity`) VALUES (85, 205, 2);
INSERT INTO `Has` (`Canteen_id`, `Items_id`, `Has_quantity`) VALUES (31, 274, 1);
INSERT INTO `Has` (`Canteen_id`, `Items_id`, `Has_quantity`) VALUES (8, 295, 5);
INSERT INTO `Has` (`Canteen_id`, `Items_id`, `Has_quantity`) VALUES (25, 284, 5);
INSERT INTO `Has` (`Canteen_id`, `Items_id`, `Has_quantity`) VALUES (33, 293, 9);
INSERT INTO `Has` (`Canteen_id`, `Items_id`, `Has_quantity`) VALUES (52, 257, 3);
INSERT INTO `Has` (`Canteen_id`, `Items_id`, `Has_quantity`) VALUES (41, 208, 1);
INSERT INTO `Has` (`Canteen_id`, `Items_id`, `Has_quantity`) VALUES (35, 287, 5);
INSERT INTO `Has` (`Canteen_id`, `Items_id`, `Has_quantity`) VALUES (32, 294, 2);
INSERT INTO `Has` (`Canteen_id`, `Items_id`, `Has_quantity`) VALUES (39, 259, 5);
INSERT INTO `Has` (`Canteen_id`, `Items_id`, `Has_quantity`) VALUES (99, 243, 9);
INSERT INTO `Has` (`Canteen_id`, `Items_id`, `Has_quantity`) VALUES (48, 234, 8);
INSERT INTO `Has` (`Canteen_id`, `Items_id`, `Has_quantity`) VALUES (11, 225, 4);
INSERT INTO `Has` (`Canteen_id`, `Items_id`, `Has_quantity`) VALUES (77, 229, 7);
INSERT INTO `Has` (`Canteen_id`, `Items_id`, `Has_quantity`) VALUES (17, 203, 9);
INSERT INTO `Has` (`Canteen_id`, `Items_id`, `Has_quantity`) VALUES (86, 279, 4);
INSERT INTO `Has` (`Canteen_id`, `Items_id`, `Has_quantity`) VALUES (29, 228, 7);
INSERT INTO `Has` (`Canteen_id`, `Items_id`, `Has_quantity`) VALUES (96, 277, 8);
INSERT INTO `Has` (`Canteen_id`, `Items_id`, `Has_quantity`) VALUES (51, 207, 5);
INSERT INTO `Has` (`Canteen_id`, `Items_id`, `Has_quantity`) VALUES (22, 282, 1);
INSERT INTO `Has` (`Canteen_id`, `Items_id`, `Has_quantity`) VALUES (90, 248, 8);
INSERT INTO `Has` (`Canteen_id`, `Items_id`, `Has_quantity`) VALUES (91, 283, 5);
INSERT INTO `Has` (`Canteen_id`, `Items_id`, `Has_quantity`) VALUES (80, 219, 7);
INSERT INTO `Has` (`Canteen_id`, `Items_id`, `Has_quantity`) VALUES (28, 298, 6);
INSERT INTO `Has` (`Canteen_id`, `Items_id`, `Has_quantity`) VALUES (12, 285, 8);
INSERT INTO `Has` (`Canteen_id`, `Items_id`, `Has_quantity`) VALUES (93, 270, 6);
INSERT INTO `Has` (`Canteen_id`, `Items_id`, `Has_quantity`) VALUES (6, 232, 8);
INSERT INTO `Has` (`Canteen_id`, `Items_id`, `Has_quantity`) VALUES (18, 220, 9);
INSERT INTO `Has` (`Canteen_id`, `Items_id`, `Has_quantity`) VALUES (100, 289, 7);
INSERT INTO `Has` (`Canteen_id`, `Items_id`, `Has_quantity`) VALUES (45, 291, 3);
INSERT INTO `Has` (`Canteen_id`, `Items_id`, `Has_quantity`) VALUES (50, 281, 3);
INSERT INTO `Has` (`Canteen_id`, `Items_id`, `Has_quantity`) VALUES (5, 273, 3);
INSERT INTO `Has` (`Canteen_id`, `Items_id`, `Has_quantity`) VALUES (62, 235, 9);
INSERT INTO `Has` (`Canteen_id`, `Items_id`, `Has_quantity`) VALUES (95, 213, 7);
INSERT INTO `Has` (`Canteen_id`, `Items_id`, `Has_quantity`) VALUES (79, 300, 5);
INSERT INTO `Has` (`Canteen_id`, `Items_id`, `Has_quantity`) VALUES (55, 217, 8);
INSERT INTO `Has` (`Canteen_id`, `Items_id`, `Has_quantity`) VALUES (14, 254, 9);
INSERT INTO `Has` (`Canteen_id`, `Items_id`, `Has_quantity`) VALUES (56, 247, 1);
INSERT INTO `Has` (`Canteen_id`, `Items_id`, `Has_quantity`) VALUES (46, 271, 1);
INSERT INTO `Has` (`Canteen_id`, `Items_id`, `Has_quantity`) VALUES (59, 252, 1);
INSERT INTO `Has` (`Canteen_id`, `Items_id`, `Has_quantity`) VALUES (54, 209, 6);
INSERT INTO `Has` (`Canteen_id`, `Items_id`, `Has_quantity`) VALUES (2, 233, 5);
INSERT INTO `Has` (`Canteen_id`, `Items_id`, `Has_quantity`) VALUES (64, 272, 6);
INSERT INTO `Has` (`Canteen_id`, `Items_id`, `Has_quantity`) VALUES (98, 244, 8);
INSERT INTO `Has` (`Canteen_id`, `Items_id`, `Has_quantity`) VALUES (84, 255, 6);
INSERT INTO `Has` (`Canteen_id`, `Items_id`, `Has_quantity`) VALUES (76, 290, 4);
INSERT INTO `Has` (`Canteen_id`, `Items_id`, `Has_quantity`) VALUES (89, 256, 2);
INSERT INTO `Has` (`Canteen_id`, `Items_id`, `Has_quantity`) VALUES (23, 246, 8);
INSERT INTO `Has` (`Canteen_id`, `Items_id`, `Has_quantity`) VALUES (60, 240, 4);
INSERT INTO `Has` (`Canteen_id`, `Items_id`, `Has_quantity`) VALUES (37, 266, 1);
INSERT INTO `Has` (`Canteen_id`, `Items_id`, `Has_quantity`) VALUES (24, 253, 9);
INSERT INTO `Has` (`Canteen_id`, `Items_id`, `Has_quantity`) VALUES (21, 231, 9);
INSERT INTO `Has` (`Canteen_id`, `Items_id`, `Has_quantity`) VALUES (68, 215, 9);
INSERT INTO `Has` (`Canteen_id`, `Items_id`, `Has_quantity`) VALUES (63, 276, 6);
INSERT INTO `Has` (`Canteen_id`, `Items_id`, `Has_quantity`) VALUES (81, 218, 4);
INSERT INTO `Has` (`Canteen_id`, `Items_id`, `Has_quantity`) VALUES (30, 223, 5);
INSERT INTO `Has` (`Canteen_id`, `Items_id`, `Has_quantity`) VALUES (38, 237, 3);


#
# TABLE STRUCTURE FOR: Items
#

DROP TABLE IF EXISTS `Items`;

CREATE TABLE `Items` (
  `Items_id` int(11) DEFAULT NULL,
  `Items_name` text DEFAULT NULL,
  `Ingredients` text DEFAULT NULL,
  `Image` text DEFAULT NULL,
  `Description` text DEFAULT NULL,
  `Item_type` text DEFAULT NULL,
  `Price` decimal(10,0) DEFAULT NULL
) ENGINE=InnoDB DEFAULT CHARSET=utf8mb4;

INSERT INTO `Items` (`Items_id`, `Items_name`, `Ingredients`, `Image`, `Description`, `Item_type`, `Price`) VALUES (232, 'provident', 'WestVirginia', 'http://lorempixel.com/640/480/', 'Voluptates porro quis et voluptatem sapiente sunt. Vel alias mollitia consectetur qui ea blanditiis. Natus voluptate nisi inventore voluptates. Voluptas iste delectus quas et consequatur tempore aperiam.', 'Adipisci quisquam asperiores illo quaerat. Dolores rerum voluptates iste laborum. Est excepturi occaecati repellat aut. Quia beatae quia nihil ut pariatur.', '2975120');
INSERT INTO `Items` (`Items_id`, `Items_name`, `Ingredients`, `Image`, `Description`, `Item_type`, `Price`) VALUES (230, 'natus', 'Virginia', 'http://lorempixel.com/640/480/', 'Aliquid recusandae laboriosam excepturi odit placeat corrupti placeat nisi. Nesciunt tempore possimus aut velit veritatis. Architecto temporibus molestiae voluptatem voluptatem dolor. Officia ea quisquam maxime aliquam dolor ipsam. Numquam enim commodi fuga sunt architecto.', 'Minus tenetur ut ea beatae doloribus ut omnis quasi. Doloribus aliquid dolor architecto et sapiente velit magnam. Odio perferendis iusto expedita dolor.', '0');
INSERT INTO `Items` (`Items_id`, `Items_name`, `Ingredients`, `Image`, `Description`, `Item_type`, `Price`) VALUES (280, 'provident', 'NewYork', 'http://lorempixel.com/640/480/', 'Cumque aperiam et debitis sed et repellat explicabo deleniti. Blanditiis quos repellendus quia consequatur dolorem vitae. Explicabo ea neque laborum voluptatem voluptas sint quod magni. Consectetur in quod in aliquid modi esse reiciendis.', 'Adipisci qui harum et quibusdam quas ipsam est. Saepe quo similique omnis dolorem placeat in.\nSunt sunt culpa dolorem qui. Quaerat et dolore aut.', '205119');
INSERT INTO `Items` (`Items_id`, `Items_name`, `Ingredients`, `Image`, `Description`, `Item_type`, `Price`) VALUES (276, 'consequatur', 'Texas', 'http://lorempixel.com/640/480/', 'Consequatur explicabo commodi eos repudiandae eveniet. Ut modi itaque doloremque quia facere doloribus sit ad. Ratione natus expedita velit ducimus. Velit deserunt quod autem unde.', 'Rerum sed veniam est impedit illo ea omnis quo. Voluptatem velit qui sit ut aut dolor minus voluptatibus. Illum soluta voluptatem qui dolores molestias labore.', '0');
INSERT INTO `Items` (`Items_id`, `Items_name`, `Ingredients`, `Image`, `Description`, `Item_type`, `Price`) VALUES (227, 'et', 'Vermont', 'http://lorempixel.com/640/480/', 'Ut sed eos consequuntur. Voluptate ea molestias totam dolore distinctio. Rerum nisi quis deserunt voluptatem eum. Provident et quidem quaerat alias necessitatibus sapiente nobis.', 'Voluptas et expedita et ea. In vel et nesciunt nam sed. Sed vel maxime necessitatibus magni.\nAperiam aut totam perspiciatis et. Numquam iure aspernatur laboriosam numquam error.', '413739');
INSERT INTO `Items` (`Items_id`, `Items_name`, `Ingredients`, `Image`, `Description`, `Item_type`, `Price`) VALUES (238, 'beatae', 'Arizona', 'http://lorempixel.com/640/480/', 'Maxime nobis quidem atque exercitationem et. Temporibus sit est ut quidem minus quisquam. Omnis ipsam amet enim quia officia perferendis cumque molestiae.', 'Fugit neque placeat rem. Veritatis excepturi sit tempore porro rerum fugit aperiam et. Nobis et voluptatem ipsam. Amet beatae et voluptatibus dolores.', '46');
INSERT INTO `Items` (`Items_id`, `Items_name`, `Ingredients`, `Image`, `Description`, `Item_type`, `Price`) VALUES (269, 'illum', 'Wyoming', 'http://lorempixel.com/640/480/', 'Et numquam et voluptatem aliquid ratione adipisci ut. Qui aut nihil laborum et sunt voluptatem. Ipsam tempore maiores praesentium non voluptatibus in sint. Voluptates ipsum exercitationem cupiditate aut.', 'Ut tempore eos hic voluptatem pariatur. Voluptatem reiciendis excepturi accusantium ipsam in. Est dolorem doloremque non corrupti neque atque eos. Animi voluptas delectus omnis iure omnis.', '75883491');
INSERT INTO `Items` (`Items_id`, `Items_name`, `Ingredients`, `Image`, `Description`, `Item_type`, `Price`) VALUES (216, 'dignissimos', 'Connecticut', 'http://lorempixel.com/640/480/', 'Sit dignissimos voluptatem modi veritatis eaque enim quidem. Doloribus dicta quia qui praesentium vitae necessitatibus sit enim. Tempore molestias sit ut at. Nisi est praesentium quis rerum saepe harum.', 'Dolor et et rem occaecati non tenetur. Fuga voluptas expedita velit nesciunt fugiat. Similique quas eaque voluptatibus cum.', '448625');
INSERT INTO `Items` (`Items_id`, `Items_name`, `Ingredients`, `Image`, `Description`, `Item_type`, `Price`) VALUES (300, 'beatae', 'Connecticut', 'http://lorempixel.com/640/480/', 'Sint delectus repellat ea perferendis et. Ducimus est consequatur a placeat minus. Consequatur dolores animi tempore molestiae praesentium corrupti ex.', 'Repudiandae ut magnam esse. At ipsa et doloremque sit provident veniam et. Velit delectus est blanditiis laudantium voluptatem debitis.', '1209');
INSERT INTO `Items` (`Items_id`, `Items_name`, `Ingredients`, `Image`, `Description`, `Item_type`, `Price`) VALUES (247, 'aut', 'Vermont', 'http://lorempixel.com/640/480/', 'Quis in est quia commodi repellat. Rerum commodi porro et.', 'Minima possimus quaerat tempora velit quod. Ullam rerum est temporibus neque esse doloremque. Est reiciendis voluptas et perspiciatis laudantium architecto.', '9');
INSERT INTO `Items` (`Items_id`, `Items_name`, `Ingredients`, `Image`, `Description`, `Item_type`, `Price`) VALUES (250, 'sint', 'NorthCarolina', 'http://lorempixel.com/640/480/', 'Iste sit sapiente itaque sed consequatur nisi. Error et odit ad. Consequatur ipsum quia expedita cum voluptatum.', 'Nemo eum aliquid aliquam debitis dicta et. Quam quis voluptatibus qui. Et accusamus quasi aliquid. Deserunt qui commodi illo quasi.', '362533');
INSERT INTO `Items` (`Items_id`, `Items_name`, `Ingredients`, `Image`, `Description`, `Item_type`, `Price`) VALUES (262, 'dignissimos', 'Hawaii', 'http://lorempixel.com/640/480/', 'Corporis similique ducimus nobis consectetur ut. Assumenda alias praesentium ut maiores quia repellat veritatis. Voluptatem numquam eos minus asperiores.', 'Modi sapiente voluptatem non accusamus. Aut nobis placeat blanditiis dolores qui pariatur est. In consequatur sunt ut nisi nulla ratione. Vel sed eius dolorem tenetur voluptatibus provident.', '0');
INSERT INTO `Items` (`Items_id`, `Items_name`, `Ingredients`, `Image`, `Description`, `Item_type`, `Price`) VALUES (239, 'deserunt', 'SouthCarolina', 'http://lorempixel.com/640/480/', 'Numquam eos vitae accusantium nemo quae voluptates labore. Error nobis eos qui amet id. Quaerat in officia omnis voluptas illo voluptas. Sit recusandae ex magni incidunt amet omnis omnis praesentium. Enim aut quae ex quibusdam et.', 'Alias labore eum inventore non odio quas. Labore velit blanditiis necessitatibus ab culpa voluptate odit eum. Omnis eligendi et nihil molestiae rerum non.', '2');
INSERT INTO `Items` (`Items_id`, `Items_name`, `Ingredients`, `Image`, `Description`, `Item_type`, `Price`) VALUES (295, 'laudantium', 'Oregon', 'http://lorempixel.com/640/480/', 'Sit aliquam minus excepturi enim non omnis. Nulla tenetur distinctio minima. Dolorem et vitae qui quia quasi et doloremque. Debitis corporis nihil ab adipisci in a.', 'Voluptate quaerat non ut et. Odit veritatis repellat voluptas aut et consequuntur hic. Explicabo quis doloremque maxime temporibus iure.', '7548');
INSERT INTO `Items` (`Items_id`, `Items_name`, `Ingredients`, `Image`, `Description`, `Item_type`, `Price`) VALUES (290, 'beatae', 'SouthDakota', 'http://lorempixel.com/640/480/', 'Corporis et ducimus asperiores dolorem minima blanditiis omnis. Placeat nulla molestiae incidunt enim. Aut qui perferendis voluptas non adipisci et. Quis sint quaerat aspernatur aliquam eum inventore.', 'Corrupti cupiditate explicabo eos iste ad aut. Explicabo omnis aut ut aperiam velit enim. Illo repudiandae id voluptates minus.', '1620542');
INSERT INTO `Items` (`Items_id`, `Items_name`, `Ingredients`, `Image`, `Description`, `Item_type`, `Price`) VALUES (257, 'fugit', 'Alaska', 'http://lorempixel.com/640/480/', 'Error deserunt aliquid magnam et aut consectetur fugit. Sit accusamus vel quia dolor recusandae maxime. Ut ipsa eos vel sit doloremque quo. Assumenda et harum enim recusandae odit laborum.', 'Occaecati eos ea veritatis voluptatibus doloribus. Qui suscipit dignissimos aut et cum nobis voluptatem. Earum laborum at nihil voluptates iusto. Aut eligendi beatae distinctio iure.', '99');
INSERT INTO `Items` (`Items_id`, `Items_name`, `Ingredients`, `Image`, `Description`, `Item_type`, `Price`) VALUES (233, 'eos', 'Montana', 'http://lorempixel.com/640/480/', 'Voluptas illum facilis est et porro repudiandae autem. Quae fugit dolorum consequatur quaerat voluptatem. Rem consequatur dolor nam maiores saepe quia quia.', 'Exercitationem vel et necessitatibus quia ut nihil rerum. Soluta harum voluptate ratione earum. Ducimus saepe suscipit perferendis et laboriosam vero.', '4053451');
INSERT INTO `Items` (`Items_id`, `Items_name`, `Ingredients`, `Image`, `Description`, `Item_type`, `Price`) VALUES (248, 'corporis', 'Wisconsin', 'http://lorempixel.com/640/480/', 'Ipsa nemo facere temporibus quidem labore culpa voluptate vel. Optio enim quis dignissimos exercitationem id sit. Dolore vel ex officiis est inventore omnis id.', 'Rem accusantium voluptatibus dignissimos. Necessitatibus unde voluptatem sunt ex rerum. Assumenda voluptatem eos officiis aut asperiores.', '128993575');
INSERT INTO `Items` (`Items_id`, `Items_name`, `Ingredients`, `Image`, `Description`, `Item_type`, `Price`) VALUES (291, 'debitis', 'NorthCarolina', 'http://lorempixel.com/640/480/', 'Et ut minus sint debitis reprehenderit assumenda dolor aut. Iusto tenetur quasi aut voluptas pariatur dolor. Sit porro veniam quos molestias quod autem. Magnam vero deserunt qui qui quos enim.', 'Ut ex omnis illo temporibus et aut. Corporis sunt quam cumque rem sint nostrum. Sunt quis qui vel doloremque. Atque qui quo aut occaecati et sit aut dolorum.', '33051');
INSERT INTO `Items` (`Items_id`, `Items_name`, `Ingredients`, `Image`, `Description`, `Item_type`, `Price`) VALUES (229, 'soluta', 'SouthDakota', 'http://lorempixel.com/640/480/', 'Et sint dolores ut aut. Voluptatem est qui eum deserunt laborum et. Qui inventore corporis et animi sed natus. Tempore a voluptas impedit porro quasi.', 'Voluptas qui tenetur in distinctio est. At quaerat sunt dolores harum error consequatur. Dolores consequuntur qui beatae est temporibus. Ut eveniet ipsam laboriosam beatae voluptas amet explicabo.', '4516');
INSERT INTO `Items` (`Items_id`, `Items_name`, `Ingredients`, `Image`, `Description`, `Item_type`, `Price`) VALUES (253, 'facere', 'Montana', 'http://lorempixel.com/640/480/', 'Sequi eum quia temporibus. Ea ullam voluptas eos at voluptatem porro. Reiciendis tempore exercitationem eos aut quas magni. Voluptatem velit minus accusamus nam nihil voluptates facilis.', 'Deleniti inventore in quo et in rerum et. Minus ut iure nihil voluptatem est. Similique et ut et fugit sit porro sunt. Ipsa odio aliquid laudantium nihil. Quas iste saepe ipsa dolor sint animi.', '217103539');
INSERT INTO `Items` (`Items_id`, `Items_name`, `Ingredients`, `Image`, `Description`, `Item_type`, `Price`) VALUES (273, 'enim', 'NorthCarolina', 'http://lorempixel.com/640/480/', 'Nobis nostrum asperiores ipsa et quaerat magni. Quidem est vel aliquam consequatur dolorem et rerum. Voluptates odio est qui nisi.', 'Et fugit quia enim. Adipisci architecto autem assumenda vero. Neque et consequatur accusamus minima magnam aspernatur.', '5930595');
INSERT INTO `Items` (`Items_id`, `Items_name`, `Ingredients`, `Image`, `Description`, `Item_type`, `Price`) VALUES (296, 'eius', 'Georgia', 'http://lorempixel.com/640/480/', 'Sint voluptatem neque sit eos porro in. Qui officiis eum quas qui molestiae autem. Porro consequatur non qui quod nobis repellendus.', 'Ex aut occaecati explicabo nam. Omnis eos labore quo iste molestiae necessitatibus. Iusto quia nisi eligendi corporis dicta.', '8029');
INSERT INTO `Items` (`Items_id`, `Items_name`, `Ingredients`, `Image`, `Description`, `Item_type`, `Price`) VALUES (203, 'dolorem', 'Wisconsin', 'http://lorempixel.com/640/480/', 'Voluptas dolorem omnis fugit odit. Sit voluptate quo similique omnis. Error accusamus doloremque autem et.', 'Nobis sed nesciunt consequuntur occaecati. Nihil fuga ut unde sed molestiae ut qui. Provident accusantium sed sit ut quia ad corporis.', '285147');
INSERT INTO `Items` (`Items_id`, `Items_name`, `Ingredients`, `Image`, `Description`, `Item_type`, `Price`) VALUES (258, 'amet', 'NewJersey', 'http://lorempixel.com/640/480/', 'Sapiente voluptatem quas eaque voluptatem ut est accusantium voluptas. Libero sed ullam sed sed at. Libero voluptate repellendus aut facilis. Sed accusamus cupiditate aut.', 'Quis fugit fugit aut earum tempora tenetur aliquid. Amet consectetur neque soluta voluptas. Perferendis voluptas praesentium eligendi omnis iste dolore.', '0');
INSERT INTO `Items` (`Items_id`, `Items_name`, `Ingredients`, `Image`, `Description`, `Item_type`, `Price`) VALUES (293, 'inventore', 'Florida', 'http://lorempixel.com/640/480/', 'Qui officiis sunt quisquam vitae qui corporis sint. Reprehenderit nobis excepturi quos autem debitis iure et. Quas neque voluptas nihil porro odit. Aliquam veniam ducimus asperiores facilis quaerat.', 'Non itaque eos est est architecto ut. Similique et dolor sunt delectus ab aut. Sequi consequatur non est facere.', '164977109');
INSERT INTO `Items` (`Items_id`, `Items_name`, `Ingredients`, `Image`, `Description`, `Item_type`, `Price`) VALUES (256, 'iure', 'SouthCarolina', 'http://lorempixel.com/640/480/', 'Praesentium veritatis quia quia laborum sint rerum vitae. Est illo qui error id fuga voluptatem beatae laboriosam. Quas aperiam accusamus quam autem aspernatur recusandae itaque. Itaque quia et quod sequi perspiciatis qui.', 'Excepturi asperiores deserunt et. Illo ullam debitis neque. Nihil praesentium in nihil ea placeat voluptatem. Et omnis deleniti velit est et deleniti.', '0');
INSERT INTO `Items` (`Items_id`, `Items_name`, `Ingredients`, `Image`, `Description`, `Item_type`, `Price`) VALUES (204, 'ut', 'Indiana', 'http://lorempixel.com/640/480/', 'Modi qui odio animi ut et doloribus dolor. Magni eum aut ad. Illum reiciendis eum iure aliquam veritatis.', 'Nesciunt inventore rerum et quibusdam molestias sit. Quis nostrum repudiandae eius corporis. Et ex ea enim voluptatem dignissimos ea omnis.', '3');
INSERT INTO `Items` (`Items_id`, `Items_name`, `Ingredients`, `Image`, `Description`, `Item_type`, `Price`) VALUES (267, 'modi', 'Tennessee', 'http://lorempixel.com/640/480/', 'In aut odio sapiente aut nihil laboriosam nihil. Hic quis culpa recusandae tempora magni. Quis non voluptates harum sapiente doloremque voluptas enim qui. Aut dignissimos neque suscipit et.', 'Libero sed reprehenderit iusto sit dolorem molestiae. Nihil veritatis ut aperiam. Quia quia fugit illo. Quia atque soluta sapiente velit est beatae.', '23');
INSERT INTO `Items` (`Items_id`, `Items_name`, `Ingredients`, `Image`, `Description`, `Item_type`, `Price`) VALUES (214, 'dolorem', 'Texas', 'http://lorempixel.com/640/480/', 'Debitis accusamus reiciendis voluptas voluptatum. Dolores quis ut aut est molestias. Quod quas saepe qui vel. Ut officia deleniti dolorem expedita distinctio omnis occaecati.', 'Laborum commodi sit qui similique. Corrupti ipsum eum et cumque quisquam et id. Modi qui necessitatibus officiis id.', '20073');
INSERT INTO `Items` (`Items_id`, `Items_name`, `Ingredients`, `Image`, `Description`, `Item_type`, `Price`) VALUES (286, 'quis', 'Oklahoma', 'http://lorempixel.com/640/480/', 'Qui ut at quae. Aspernatur necessitatibus nemo dolores reiciendis iusto. Laboriosam qui aut quis sunt placeat molestiae totam accusamus.', 'Error explicabo accusantium aut et autem recusandae. Natus nesciunt sit perferendis eius minima nisi. Reiciendis vero a natus et et est. Dolores minima sapiente debitis id quae eos.', '18021386');
INSERT INTO `Items` (`Items_id`, `Items_name`, `Ingredients`, `Image`, `Description`, `Item_type`, `Price`) VALUES (235, 'et', 'Illinois', 'http://lorempixel.com/640/480/', 'Itaque sed non error inventore occaecati illum veritatis. Officiis at nostrum dolor. Qui voluptates id repellendus repellat.', 'Ratione qui rerum saepe fugiat accusamus. Sed modi cumque expedita rerum id exercitationem. Consectetur labore saepe voluptatibus.', '0');
INSERT INTO `Items` (`Items_id`, `Items_name`, `Ingredients`, `Image`, `Description`, `Item_type`, `Price`) VALUES (225, 'veniam', 'Illinois', 'http://lorempixel.com/640/480/', 'Ut nemo magnam inventore voluptas officiis id blanditiis. Itaque aut maiores sunt. Architecto est corrupti saepe architecto inventore veniam.', 'Voluptas vitae consectetur maiores rem unde sed explicabo. Iure corrupti consectetur voluptates sit totam. Debitis a maxime est consequatur tenetur ut nulla. Quidem sint cupiditate sunt optio.', '1');
INSERT INTO `Items` (`Items_id`, `Items_name`, `Ingredients`, `Image`, `Description`, `Item_type`, `Price`) VALUES (294, 'suscipit', 'Delaware', 'http://lorempixel.com/640/480/', 'Aut numquam dicta sed dolor voluptatem exercitationem nemo. Omnis magnam unde sit blanditiis provident voluptatibus debitis.', 'Adipisci non alias facere fuga. Ea optio voluptatum blanditiis quod. Impedit aut voluptatibus ut esse impedit vel. Id sint expedita quod occaecati qui.', '1637');
INSERT INTO `Items` (`Items_id`, `Items_name`, `Ingredients`, `Image`, `Description`, `Item_type`, `Price`) VALUES (270, 'occaecati', 'NorthCarolina', 'http://lorempixel.com/640/480/', 'Animi voluptate corrupti quo et facilis ea expedita nisi. Sint et cum eum. Dicta illum aspernatur sed molestias est amet aliquid. Maxime vel voluptas culpa quasi.', 'Quas dolorem fugiat voluptatem. Qui molestiae quia alias. Cum nisi aut fugiat minima aut.', '29723');
INSERT INTO `Items` (`Items_id`, `Items_name`, `Ingredients`, `Image`, `Description`, `Item_type`, `Price`) VALUES (243, 'nam', 'Ohio', 'http://lorempixel.com/640/480/', 'Consequuntur et repudiandae voluptates et ipsam recusandae esse rerum. Delectus reprehenderit tenetur aut reprehenderit voluptatibus magni. Autem ratione est qui ipsam voluptates.', 'Modi maiores qui molestiae velit. Praesentium molestiae voluptatum ullam cum. Veniam beatae et aliquid ut ipsa est natus consequuntur. Non corrupti eaque quia officiis culpa itaque.', '623062');
INSERT INTO `Items` (`Items_id`, `Items_name`, `Ingredients`, `Image`, `Description`, `Item_type`, `Price`) VALUES (260, 'culpa', 'California', 'http://lorempixel.com/640/480/', 'Consectetur non reiciendis ea non. Sapiente rem quas eum itaque. Rerum provident numquam optio veniam.', 'Ut quibusdam est est esse repudiandae reiciendis. Quisquam doloremque ut molestias officiis quidem eos aut provident.', '6178');
INSERT INTO `Items` (`Items_id`, `Items_name`, `Ingredients`, `Image`, `Description`, `Item_type`, `Price`) VALUES (285, 'labore', 'Illinois', 'http://lorempixel.com/640/480/', 'Nam aliquid quia rerum unde. Facilis sequi adipisci dolor iure modi est.', 'Et esse voluptate accusantium. Est aperiam modi nesciunt ducimus corrupti autem. Qui et id qui delectus voluptatem maxime. Est fuga earum dignissimos suscipit at molestias non.', '8417699');
INSERT INTO `Items` (`Items_id`, `Items_name`, `Ingredients`, `Image`, `Description`, `Item_type`, `Price`) VALUES (226, 'quia', 'Mississippi', 'http://lorempixel.com/640/480/', 'Aut repellat sed dolor culpa. Eaque et ipsa quasi recusandae consequatur. Numquam deserunt iste quia voluptatem repellendus ipsam est voluptatum. Ipsa odio esse repudiandae hic eligendi hic.', 'Id et reprehenderit consectetur qui ea dolorem. Impedit molestias nihil iusto nemo quisquam rerum. Minima accusantium perspiciatis tempore voluptatem dolores.', '26714');
INSERT INTO `Items` (`Items_id`, `Items_name`, `Ingredients`, `Image`, `Description`, `Item_type`, `Price`) VALUES (279, 'consequatur', 'Florida', 'http://lorempixel.com/640/480/', 'Ducimus iusto omnis et fugit. Voluptate aliquid repellat ut deleniti. Rerum aut dolore consequuntur soluta eligendi deleniti cumque. Porro ut possimus odit officia sed et.', 'Vel neque ipsa sed nobis sit. Accusamus ea dolor voluptates porro nulla labore. Quas velit harum sequi est.', '4943364');
INSERT INTO `Items` (`Items_id`, `Items_name`, `Ingredients`, `Image`, `Description`, `Item_type`, `Price`) VALUES (252, 'qui', 'Missouri', 'http://lorempixel.com/640/480/', 'Sint id in natus id. Fugit ut aliquid autem hic animi ut ut.', 'Ipsa nostrum accusantium atque. Omnis itaque minima omnis alias. Ex repellat aut quasi. Dolorum dolores minus aut corrupti eos et qui.', '0');
INSERT INTO `Items` (`Items_id`, `Items_name`, `Ingredients`, `Image`, `Description`, `Item_type`, `Price`) VALUES (283, 'eum', 'RhodeIsland', 'http://lorempixel.com/640/480/', 'Voluptas quis repellendus culpa error. Rerum quia blanditiis quidem ratione. Et sunt laborum vero modi dignissimos sint repellat. Deleniti facere sunt omnis et.', 'Distinctio consequatur sint in iusto sint neque cumque. Dolor molestiae aliquid aut. Ut laborum quia nemo soluta et. Est molestiae quod consequuntur libero voluptas.', '276985');
INSERT INTO `Items` (`Items_id`, `Items_name`, `Ingredients`, `Image`, `Description`, `Item_type`, `Price`) VALUES (220, 'soluta', 'Kansas', 'http://lorempixel.com/640/480/', 'Repellat et soluta illum qui et. Est at autem eum odio. Earum et delectus occaecati sit provident voluptatem. Maiores assumenda cumque et maxime at qui et.', 'Maxime nam dolor aliquid aut iure. Sit sit ipsa non. Nihil dolorem nostrum sit eveniet sint.', '24');
INSERT INTO `Items` (`Items_id`, `Items_name`, `Ingredients`, `Image`, `Description`, `Item_type`, `Price`) VALUES (266, 'odit', 'Oklahoma', 'http://lorempixel.com/640/480/', 'Accusamus et voluptate quia omnis dolorem dicta. Ut alias non sed a officiis qui. Sequi tempore quis libero natus voluptatem quos aut odio.', 'Accusantium tempora voluptatum natus numquam quo numquam nesciunt et. Et magnam distinctio et earum. Perferendis nam quas commodi dolorem facere minus saepe odio. Qui deserunt veniam enim.', '271766');
INSERT INTO `Items` (`Items_id`, `Items_name`, `Ingredients`, `Image`, `Description`, `Item_type`, `Price`) VALUES (221, 'optio', 'NewJersey', 'http://lorempixel.com/640/480/', 'Iste et aut excepturi qui nisi autem. Nostrum sapiente velit perspiciatis at praesentium perferendis eveniet. Et quia nisi ab dicta architecto debitis qui ut. Veritatis reprehenderit dolorem porro saepe.', 'Non consequuntur delectus deserunt est. Quo reprehenderit amet expedita voluptatem odit voluptas vero dolorem. Assumenda tempore deserunt ut sequi in eum.', '2');
INSERT INTO `Items` (`Items_id`, `Items_name`, `Ingredients`, `Image`, `Description`, `Item_type`, `Price`) VALUES (228, 'suscipit', 'Michigan', 'http://lorempixel.com/640/480/', 'Neque consequatur corporis est. Dolores ut est voluptas quis. Ullam officiis est cum beatae sint commodi eum. Aperiam at assumenda est modi voluptates odit.', 'Eius minima voluptate omnis veritatis dolorum. Debitis corporis explicabo tempora blanditiis nihil.', '0');
INSERT INTO `Items` (`Items_id`, `Items_name`, `Ingredients`, `Image`, `Description`, `Item_type`, `Price`) VALUES (236, 'aut', 'Missouri', 'http://lorempixel.com/640/480/', 'Voluptatem alias fugit cupiditate dolore aliquid. Quia quos accusantium provident. Consequatur blanditiis harum aliquid voluptatem. Autem deserunt vel qui ut nihil in velit.', 'Quibusdam animi soluta sed maiores. Nemo quo labore fugit consectetur quas.\nIure aut qui occaecati. Et et repellendus porro reiciendis amet soluta amet. Quas et qui qui est voluptates laborum.', '231941589');
INSERT INTO `Items` (`Items_id`, `Items_name`, `Ingredients`, `Image`, `Description`, `Item_type`, `Price`) VALUES (212, 'quo', 'Iowa', 'http://lorempixel.com/640/480/', 'Placeat sequi facere in tempora deleniti. Odit debitis magni maiores vitae. Sunt porro sed laboriosam illo fugit numquam. Accusamus dolor sint quo voluptas ut commodi fugiat.', 'Sed ut officia quasi autem iste consequuntur autem. Maiores iste itaque neque repellat. Accusantium atque pariatur fugiat exercitationem mollitia.', '22354921');
INSERT INTO `Items` (`Items_id`, `Items_name`, `Ingredients`, `Image`, `Description`, `Item_type`, `Price`) VALUES (255, 'molestiae', 'Alaska', 'http://lorempixel.com/640/480/', 'Autem illo perspiciatis at commodi. Qui quo rem aut numquam.', 'Nemo veniam est eligendi commodi voluptas. Dolorem non atque rerum laboriosam accusantium enim.\nEst repellendus cum libero non nostrum. Recusandae rerum illum velit dignissimos minima.', '290');
INSERT INTO `Items` (`Items_id`, `Items_name`, `Ingredients`, `Image`, `Description`, `Item_type`, `Price`) VALUES (201, 'sit', 'NorthCarolina', 'http://lorempixel.com/640/480/', 'Aut commodi est quia eum. Aut vitae adipisci est odio ut. Ipsa ut ut et labore qui asperiores. Eos aut et voluptatem eos dignissimos voluptatibus.', 'Eos consequatur adipisci officia quasi saepe possimus voluptatibus. Facilis consequatur est harum amet et. Soluta sit reprehenderit placeat magni molestiae aut doloremque ut.', '6135491');
INSERT INTO `Items` (`Items_id`, `Items_name`, `Ingredients`, `Image`, `Description`, `Item_type`, `Price`) VALUES (205, 'recusandae', 'Hawaii', 'http://lorempixel.com/640/480/', 'Aperiam illo accusantium ipsa cupiditate quas. Eum voluptatem illum non ut nisi possimus cum. Vitae eligendi occaecati aut natus ipsa illo et. At necessitatibus laudantium consequatur rerum est quo.', 'Enim rerum consequatur aut repudiandae nisi eos placeat. Aspernatur ut dolorum labore consequatur sed atque. Reprehenderit corporis inventore doloremque.', '0');
INSERT INTO `Items` (`Items_id`, `Items_name`, `Ingredients`, `Image`, `Description`, `Item_type`, `Price`) VALUES (288, 'accusamus', 'Hawaii', 'http://lorempixel.com/640/480/', 'Suscipit officia qui consectetur qui. Nulla tenetur ut animi fuga repellat unde quisquam fuga. Et sapiente animi dolores corrupti id odit qui. Et a et quidem atque.', 'Rerum repudiandae rerum eum culpa ratione totam iusto. Eos suscipit sit sint at voluptatem ea. Eligendi ut porro aspernatur quis. Deserunt dignissimos natus omnis qui.', '29665');
INSERT INTO `Items` (`Items_id`, `Items_name`, `Ingredients`, `Image`, `Description`, `Item_type`, `Price`) VALUES (292, 'nesciunt', 'Kansas', 'http://lorempixel.com/640/480/', 'Error veritatis quibusdam cum delectus veritatis. Est animi aliquid harum maiores.', 'Veniam ullam recusandae odio sunt voluptas. Laudantium quisquam consectetur quidem est corporis voluptas quis. Tempora autem totam rerum magnam ut vel. Asperiores veniam fugit et explicabo ullam.', '50613');
INSERT INTO `Items` (`Items_id`, `Items_name`, `Ingredients`, `Image`, `Description`, `Item_type`, `Price`) VALUES (265, 'excepturi', 'Kentucky', 'http://lorempixel.com/640/480/', 'Consequatur id sit earum aliquam nesciunt aspernatur enim. Quia velit quis iste consequuntur voluptatum.', 'Voluptatem qui aut aut eius rem. Veritatis molestiae veniam alias sed dolores dolore cum. Iste qui repellat est non ad. Numquam sapiente laborum voluptas.', '24318696');
INSERT INTO `Items` (`Items_id`, `Items_name`, `Ingredients`, `Image`, `Description`, `Item_type`, `Price`) VALUES (251, 'sapiente', 'Montana', 'http://lorempixel.com/640/480/', 'Vel quidem sapiente nobis ad nemo distinctio molestiae. Exercitationem quasi expedita placeat nihil rerum qui. Totam excepturi explicabo expedita quia est. Numquam nobis et et nesciunt cumque.', 'Laborum quam expedita quis et dolorem enim et. Ratione labore magni autem non officia sunt. Fugit cupiditate et omnis tempore rerum qui. Culpa in dolores quisquam sit ipsam asperiores reiciendis.', '23866473');
INSERT INTO `Items` (`Items_id`, `Items_name`, `Ingredients`, `Image`, `Description`, `Item_type`, `Price`) VALUES (298, 'sed', 'Maryland', 'http://lorempixel.com/640/480/', 'Corrupti explicabo enim expedita autem omnis exercitationem est voluptas. Placeat aut consequatur officiis porro eos. Amet impedit laudantium hic necessitatibus.', 'Doloribus ea accusamus voluptate odit non qui. Dicta inventore sit quo expedita sunt.', '7207');
INSERT INTO `Items` (`Items_id`, `Items_name`, `Ingredients`, `Image`, `Description`, `Item_type`, `Price`) VALUES (218, 'nesciunt', 'NorthDakota', 'http://lorempixel.com/640/480/', 'Quisquam nobis voluptate ex animi reiciendis nulla. Rerum sit temporibus nostrum ipsam. Praesentium quis consequuntur ex repellendus. Id consequatur perferendis minima debitis impedit.', 'Doloribus molestias ducimus nihil. Expedita qui pariatur vero id non. Natus est nihil nulla dolore quia. Saepe illum voluptatem repellat magni placeat eius sint dolores.', '46530');
INSERT INTO `Items` (`Items_id`, `Items_name`, `Ingredients`, `Image`, `Description`, `Item_type`, `Price`) VALUES (254, 'repellat', 'Oklahoma', 'http://lorempixel.com/640/480/', 'Rerum molestiae saepe suscipit eveniet et quas similique laborum. Dolore placeat eum culpa eum modi. Aut ea accusantium necessitatibus tempora.', 'Voluptatem soluta ex aspernatur suscipit autem ea. Et enim adipisci sed error. Autem qui quasi in placeat ut dignissimos consequatur. Rem magni dolor maiores dolores impedit.', '190100');
INSERT INTO `Items` (`Items_id`, `Items_name`, `Ingredients`, `Image`, `Description`, `Item_type`, `Price`) VALUES (246, 'vitae', 'Wisconsin', 'http://lorempixel.com/640/480/', 'Perferendis id placeat eaque aperiam dolor. Rerum perspiciatis recusandae delectus voluptates et voluptas laborum. Amet distinctio doloremque et soluta dolorem sed sunt.', 'Voluptatem officia sit voluptas ut aut occaecati. Quis sunt facilis quasi expedita. Doloribus saepe sit beatae et commodi quisquam.', '9030');
INSERT INTO `Items` (`Items_id`, `Items_name`, `Ingredients`, `Image`, `Description`, `Item_type`, `Price`) VALUES (299, 'nisi', 'Maryland', 'http://lorempixel.com/640/480/', 'Voluptatem velit ab qui maiores optio nihil. Reprehenderit et tempore eum rerum.', 'Quia voluptatem et quasi inventore qui velit hic. Dicta quibusdam nobis in aliquam quas molestiae. Ea nostrum porro vero consequatur cumque maiores.', '213');
INSERT INTO `Items` (`Items_id`, `Items_name`, `Ingredients`, `Image`, `Description`, `Item_type`, `Price`) VALUES (240, 'qui', 'NorthCarolina', 'http://lorempixel.com/640/480/', 'Qui sint quae rerum aut omnis eligendi. Dicta placeat dolores sit facere. Impedit beatae dicta ex provident est. Molestiae quas ex qui et et qui.', 'Laborum et eius odit est. Consequatur sunt laboriosam et consequatur earum consectetur. Laboriosam ratione fuga occaecati enim similique perspiciatis. Mollitia est sunt dolores odit.', '3889483');
INSERT INTO `Items` (`Items_id`, `Items_name`, `Ingredients`, `Image`, `Description`, `Item_type`, `Price`) VALUES (237, 'voluptatem', 'Kansas', 'http://lorempixel.com/640/480/', 'Laborum quam nihil ut maxime aut veniam quas. Maxime aut aperiam nostrum modi et ad consequatur. Sit esse nisi odit in voluptatibus.', 'Dolorum adipisci dolores numquam repellat a. Magnam rerum quasi ut qui sequi. Reprehenderit voluptatem est aut sit voluptas aperiam dolorum.', '0');
INSERT INTO `Items` (`Items_id`, `Items_name`, `Ingredients`, `Image`, `Description`, `Item_type`, `Price`) VALUES (208, 'aspernatur', 'Wyoming', 'http://lorempixel.com/640/480/', 'Corporis rerum sapiente qui ut ipsa consectetur nam doloribus. Officiis ipsa ut ullam occaecati. Aut quam nihil neque velit suscipit tempore praesentium.', 'Nobis natus voluptatem fugiat aut asperiores temporibus. Sunt adipisci ab quis minus velit. Voluptatem sapiente quam expedita voluptatibus doloribus unde perferendis.', '77260241');
INSERT INTO `Items` (`Items_id`, `Items_name`, `Ingredients`, `Image`, `Description`, `Item_type`, `Price`) VALUES (278, 'ut', 'Kansas', 'http://lorempixel.com/640/480/', 'Aspernatur temporibus totam exercitationem commodi. Magnam quibusdam aliquam ab repudiandae dolorem sunt.', 'Saepe voluptas ea dolor nisi. Error itaque sed ea dolor. Impedit repellendus asperiores quo similique adipisci error officia. Deleniti maxime quae ad rem quae in provident.', '311');
INSERT INTO `Items` (`Items_id`, `Items_name`, `Ingredients`, `Image`, `Description`, `Item_type`, `Price`) VALUES (282, 'excepturi', 'Massachusetts', 'http://lorempixel.com/640/480/', 'Atque hic et explicabo. Saepe praesentium saepe rerum minus qui temporibus consequatur. Eos eos rerum autem hic. Non consequatur neque ut et.', 'Fugit expedita vel nulla eveniet vel ut sequi. Quam ut soluta et dicta sunt. Voluptatem non alias officiis. Iure cumque perferendis aut quasi repudiandae molestias.', '85686688');
INSERT INTO `Items` (`Items_id`, `Items_name`, `Ingredients`, `Image`, `Description`, `Item_type`, `Price`) VALUES (210, 'ut', 'Pennsylvania', 'http://lorempixel.com/640/480/', 'Fugit qui eos inventore esse. Vitae qui deleniti perferendis officia. Et velit labore quam rerum. Labore fuga quia consequatur a a. Sunt fuga provident amet dicta eos in in placeat.', 'Harum numquam voluptate quod perspiciatis molestiae. Nihil in nulla nulla magni atque ea omnis.', '10364013');
INSERT INTO `Items` (`Items_id`, `Items_name`, `Ingredients`, `Image`, `Description`, `Item_type`, `Price`) VALUES (274, 'molestias', 'Nebraska', 'http://lorempixel.com/640/480/', 'Est quia rem hic officiis ad voluptatem beatae. Temporibus expedita harum consequatur ea esse iusto. Inventore nesciunt dicta consequatur voluptatem.', 'Distinctio placeat nostrum placeat quo animi exercitationem. Eaque officiis quam et rerum itaque ut. Nam numquam rerum ut incidunt vitae voluptatem dolore.', '0');
INSERT INTO `Items` (`Items_id`, `Items_name`, `Ingredients`, `Image`, `Description`, `Item_type`, `Price`) VALUES (263, 'ut', 'Indiana', 'http://lorempixel.com/640/480/', 'Consequatur dolore optio aliquid tempore libero non. Saepe eaque ut omnis quae doloremque esse dolores. Laudantium ut ullam occaecati sit rerum. Error vero blanditiis qui repellat officia.', 'Dolore quas sed nobis nemo. Dolorem ad tenetur quos. Perspiciatis laboriosam voluptas consequuntur voluptatem. Exercitationem quo autem libero voluptatem eos sunt deserunt.', '173');
INSERT INTO `Items` (`Items_id`, `Items_name`, `Ingredients`, `Image`, `Description`, `Item_type`, `Price`) VALUES (224, 'dolores', 'Florida', 'http://lorempixel.com/640/480/', 'Ut laborum maxime magni ad saepe. Corrupti rerum non voluptatem recusandae sed eum quam. Et dolorum quia voluptatem corrupti quia rerum. Tempora ut culpa molestiae adipisci et. Molestiae magnam enim et quibusdam consequatur.', 'Aut dolore cumque eius nostrum dolorem. Necessitatibus ut ipsa velit non fugiat. Ipsa ex quae voluptatum voluptatibus eos.', '66741052');
INSERT INTO `Items` (`Items_id`, `Items_name`, `Ingredients`, `Image`, `Description`, `Item_type`, `Price`) VALUES (259, 'aperiam', 'Oklahoma', 'http://lorempixel.com/640/480/', 'Molestiae porro aperiam a autem pariatur qui quod molestiae. Fuga quam dolor culpa fugiat voluptatibus rerum. Totam necessitatibus praesentium et ut odit dolorum aut.', 'Provident pariatur commodi qui enim esse. Atque quo nobis quia sit repudiandae sit maxime. Adipisci dolorum et illum et.', '71593');
INSERT INTO `Items` (`Items_id`, `Items_name`, `Ingredients`, `Image`, `Description`, `Item_type`, `Price`) VALUES (213, 'eos', 'Kansas', 'http://lorempixel.com/640/480/', 'At perspiciatis dolorem quam sequi. Consequatur esse laboriosam natus quam. Provident id doloremque totam dolores temporibus quae.', 'Numquam autem expedita facilis reiciendis vero iusto. Similique ea reiciendis qui consequatur iste voluptas et. Cupiditate distinctio quis ea et voluptas consequatur dolor qui.', '1015');
INSERT INTO `Items` (`Items_id`, `Items_name`, `Ingredients`, `Image`, `Description`, `Item_type`, `Price`) VALUES (281, 'saepe', 'Massachusetts', 'http://lorempixel.com/640/480/', 'Repellendus molestiae tenetur veritatis perferendis fuga. Repellat odit tempora ex eveniet dicta nisi. Expedita sint non voluptates eos non sed eius.', 'Totam incidunt aliquid saepe. Unde qui eius ab. Ut eum est est beatae. Amet id qui consequatur tenetur facilis.', '97776156');
INSERT INTO `Items` (`Items_id`, `Items_name`, `Ingredients`, `Image`, `Description`, `Item_type`, `Price`) VALUES (231, 'reprehenderit', 'Missouri', 'http://lorempixel.com/640/480/', 'Est in ut modi omnis. Mollitia harum doloribus qui doloribus. Cumque nemo vero nobis doloremque.', 'Cum molestiae dolor et eaque voluptas. Quibusdam doloribus nihil vitae explicabo omnis et. Exercitationem assumenda molestias atque architecto nostrum neque totam.', '0');
INSERT INTO `Items` (`Items_id`, `Items_name`, `Ingredients`, `Image`, `Description`, `Item_type`, `Price`) VALUES (222, 'assumenda', 'Georgia', 'http://lorempixel.com/640/480/', 'Sint assumenda minima laboriosam minima numquam repellendus rem ullam. Sit laudantium voluptas deleniti distinctio voluptatem dicta. Aut ipsam minima voluptatum dolor velit dolores consectetur. Sit maxime atque perspiciatis qui.', 'Suscipit sequi non necessitatibus nemo. Atque quae quidem laudantium dicta aut praesentium facilis. Nobis aut similique incidunt dignissimos commodi iusto.', '9882');
INSERT INTO `Items` (`Items_id`, `Items_name`, `Ingredients`, `Image`, `Description`, `Item_type`, `Price`) VALUES (241, 'eos', 'Maine', 'http://lorempixel.com/640/480/', 'Dignissimos provident fugit perferendis inventore et recusandae aliquam illo. Maiores adipisci voluptas tenetur eligendi. Aspernatur earum minima temporibus non.', 'Saepe corporis dicta rerum necessitatibus laborum voluptatem mollitia. Officiis nobis dolor vitae dolorem reiciendis quia expedita. Est qui ea sint et repellendus eligendi.', '26');
INSERT INTO `Items` (`Items_id`, `Items_name`, `Ingredients`, `Image`, `Description`, `Item_type`, `Price`) VALUES (242, 'fugiat', 'Hawaii', 'http://lorempixel.com/640/480/', 'Eum totam occaecati et et facere et nulla fugiat. Sint tempora ratione ut eum quidem nihil repellat. Ut sed et aut accusamus atque praesentium distinctio. Nostrum dolore culpa perferendis doloribus iste.', 'Aut et autem deserunt iste. Quod qui quo debitis. Placeat omnis laborum libero.', '133820814');
INSERT INTO `Items` (`Items_id`, `Items_name`, `Ingredients`, `Image`, `Description`, `Item_type`, `Price`) VALUES (277, 'totam', 'NorthDakota', 'http://lorempixel.com/640/480/', 'Rem totam ducimus iure nam ipsam expedita adipisci. Iste laborum quia sit molestias non id.', 'Blanditiis et ea accusantium nam aspernatur distinctio et. Rerum dolore omnis provident laborum quas. Dolor accusantium rerum voluptatem sint accusantium.', '1266748');
INSERT INTO `Items` (`Items_id`, `Items_name`, `Ingredients`, `Image`, `Description`, `Item_type`, `Price`) VALUES (271, 'ea', 'SouthDakota', 'http://lorempixel.com/640/480/', 'Voluptatem perferendis atque voluptatem et eos. Consequuntur in earum asperiores corrupti sint voluptatum. Aut ut ad quidem nostrum eum temporibus dolore. Non animi doloremque doloribus dolor.', 'Ut inventore accusamus rerum qui occaecati eligendi. Labore repudiandae nisi provident sequi. Sequi iure illo aliquam numquam.', '53889687');
INSERT INTO `Items` (`Items_id`, `Items_name`, `Ingredients`, `Image`, `Description`, `Item_type`, `Price`) VALUES (297, 'distinctio', 'SouthDakota', 'http://lorempixel.com/640/480/', 'In molestiae id et temporibus. Odit nostrum quo sunt et quae perferendis ipsa. In iste et omnis mollitia.', 'Facere error adipisci distinctio dolor. Inventore quia in exercitationem a. Eius harum aperiam dolorem repellat corporis et quas ipsam. Sit aperiam saepe vitae quia quo est libero.', '6');
INSERT INTO `Items` (`Items_id`, `Items_name`, `Ingredients`, `Image`, `Description`, `Item_type`, `Price`) VALUES (261, 'officiis', 'Florida', 'http://lorempixel.com/640/480/', 'Dolor non qui omnis adipisci libero natus suscipit. Harum mollitia voluptate molestiae occaecati. Eligendi numquam omnis cupiditate et. Recusandae quaerat in laborum cumque.', 'Dolorem dolores est in magnam. Ullam voluptatem est rerum fuga impedit. Ex sed et ipsam unde cupiditate alias voluptatem. Non sint rem iste eligendi est corporis error rerum.', '13');
INSERT INTO `Items` (`Items_id`, `Items_name`, `Ingredients`, `Image`, `Description`, `Item_type`, `Price`) VALUES (287, 'qui', 'Maryland', 'http://lorempixel.com/640/480/', 'Illo qui accusantium maxime in rerum sint ea. Asperiores in iste nostrum maxime. Ullam aliquam itaque aliquam est ducimus quisquam repellat. Fugit quia sit qui autem.', 'Facere voluptas dicta ratione libero. Omnis soluta nesciunt vel. Ut amet voluptas consequatur odit omnis rerum dolores. Blanditiis voluptatibus earum nobis odio maxime voluptatibus dolor.', '8356');
INSERT INTO `Items` (`Items_id`, `Items_name`, `Ingredients`, `Image`, `Description`, `Item_type`, `Price`) VALUES (207, 'et', 'WestVirginia', 'http://lorempixel.com/640/480/', 'Suscipit officiis provident at ut. Cumque quas excepturi ut sit. Temporibus maxime eos aut sunt. Ratione doloribus sint et ea et.', 'Totam reiciendis est omnis sed sapiente. Maiores vero tempora eveniet quae. Perferendis delectus et hic et vel incidunt.', '0');
INSERT INTO `Items` (`Items_id`, `Items_name`, `Ingredients`, `Image`, `Description`, `Item_type`, `Price`) VALUES (206, 'a', 'Oklahoma', 'http://lorempixel.com/640/480/', 'Consequuntur nisi nam magnam reprehenderit qui ut. Hic asperiores pariatur dicta voluptate illum quia commodi. Molestiae quam labore est consequuntur quia voluptas et est.', 'Eligendi mollitia voluptatibus consequatur. Est occaecati omnis ea corporis optio consequatur. Quisquam minus dolores expedita nesciunt quia assumenda qui. Qui omnis itaque nostrum non expedita vero.', '16');
INSERT INTO `Items` (`Items_id`, `Items_name`, `Ingredients`, `Image`, `Description`, `Item_type`, `Price`) VALUES (209, 'suscipit', 'Michigan', 'http://lorempixel.com/640/480/', 'Voluptas eos aut velit inventore inventore tenetur. Sit vitae quis magnam voluptatum. Enim numquam pariatur sint quas in laboriosam voluptatem pariatur. Officiis nulla et ad quaerat.', 'Placeat voluptatem sed quibusdam harum est. Culpa culpa qui rem cum tenetur numquam error ut. Nulla at eum molestiae eligendi nobis modi.', '4');
INSERT INTO `Items` (`Items_id`, `Items_name`, `Ingredients`, `Image`, `Description`, `Item_type`, `Price`) VALUES (202, 'aperiam', 'Pennsylvania', 'http://lorempixel.com/640/480/', 'Eveniet consequatur eos et iste voluptas at. Dicta animi accusantium deleniti quia doloremque. Doloribus sunt ea qui consequatur.', 'Delectus nemo sequi voluptas quibusdam. Tenetur atque dolorum dolorem et exercitationem quo. Et nulla voluptas esse eos animi perferendis at est. Minus voluptatem eligendi inventore quia maxime odio.', '31867822');
INSERT INTO `Items` (`Items_id`, `Items_name`, `Ingredients`, `Image`, `Description`, `Item_type`, `Price`) VALUES (275, 'ea', 'RhodeIsland', 'http://lorempixel.com/640/480/', 'Nesciunt placeat beatae accusantium id neque vero et sequi. Quidem sed voluptatem voluptates quos voluptatum quia. Iste ipsa est cum culpa rerum reiciendis et. Ut repellat itaque asperiores a voluptas.', 'Et doloribus quia debitis eaque tempore accusantium architecto. Est voluptatem ex quasi fugit cum. Voluptatem quaerat voluptas iusto est ullam magnam.', '0');
INSERT INTO `Items` (`Items_id`, `Items_name`, `Ingredients`, `Image`, `Description`, `Item_type`, `Price`) VALUES (234, 'iste', 'Connecticut', 'http://lorempixel.com/640/480/', 'Et expedita vel amet nihil et in voluptates. Molestias dolores sed repudiandae consectetur laboriosam quia.', 'Suscipit a a vero quidem quam. Quod omnis ullam est tenetur quae soluta quidem. Consequatur eveniet sit deleniti aliquid consequatur et non. Autem et ad rerum et voluptatem.', '4016259');
INSERT INTO `Items` (`Items_id`, `Items_name`, `Ingredients`, `Image`, `Description`, `Item_type`, `Price`) VALUES (249, 'impedit', 'Colorado', 'http://lorempixel.com/640/480/', 'Consequuntur perferendis odio nihil nesciunt sed. Minima velit voluptas voluptatem voluptas voluptas. Sed quibusdam dolorem quam.', 'Expedita natus et sed voluptas itaque magni. Consequuntur accusamus ea nisi exercitationem amet quasi. Minus qui et modi inventore qui autem qui id.', '51764');
INSERT INTO `Items` (`Items_id`, `Items_name`, `Ingredients`, `Image`, `Description`, `Item_type`, `Price`) VALUES (272, 'sit', 'Pennsylvania', 'http://lorempixel.com/640/480/', 'Nihil nam modi rerum quod libero. Necessitatibus ipsa minima omnis. Qui ut animi adipisci porro repudiandae dolorem et. Beatae aliquid rerum excepturi ut. Doloribus perferendis consequuntur laboriosam.', 'Officia sed sed et qui ea perspiciatis ut. Aut molestiae dolorem vero facere. Labore iure facere magnam at dolor eum.', '66726552');
INSERT INTO `Items` (`Items_id`, `Items_name`, `Ingredients`, `Image`, `Description`, `Item_type`, `Price`) VALUES (215, 'est', 'SouthCarolina', 'http://lorempixel.com/640/480/', 'Mollitia dolores quibusdam et magnam consequatur aliquid. Quas labore ullam est. Aut omnis exercitationem cum sapiente illum. Quaerat mollitia eos ipsa et accusantium minima sequi.', 'Numquam quos ea perspiciatis porro. Dolor commodi tenetur dicta ad fugit. Nostrum qui qui occaecati molestiae vitae quam. Accusantium fuga non fugiat dolores.', '12066');
INSERT INTO `Items` (`Items_id`, `Items_name`, `Ingredients`, `Image`, `Description`, `Item_type`, `Price`) VALUES (244, 'qui', 'Utah', 'http://lorempixel.com/640/480/', 'Molestiae ut nemo sed. Aspernatur quo magnam illo ut numquam. Est quasi incidunt suscipit tempora odio aut. Fugiat itaque omnis voluptatem consequuntur.', 'Officia et mollitia delectus labore voluptas. Error at repellendus voluptatem amet magnam. Esse magnam debitis delectus ea. Cumque fugiat error quia corporis aut et fuga.', '1');
INSERT INTO `Items` (`Items_id`, `Items_name`, `Ingredients`, `Image`, `Description`, `Item_type`, `Price`) VALUES (211, 'ex', 'Hawaii', 'http://lorempixel.com/640/480/', 'Occaecati neque accusantium nulla qui. Eos commodi similique beatae est. Placeat beatae ratione dignissimos quo consectetur aperiam animi.', 'Omnis nulla id eum possimus quia. Eveniet quibusdam facere quae omnis magni sequi. Voluptate iusto dolorum molestiae ut et nesciunt deserunt. Doloribus voluptas maiores quod rerum velit.', '0');
INSERT INTO `Items` (`Items_id`, `Items_name`, `Ingredients`, `Image`, `Description`, `Item_type`, `Price`) VALUES (264, 'pariatur', 'Louisiana', 'http://lorempixel.com/640/480/', 'Nesciunt aut iure dolorem reprehenderit a laborum cum itaque. Dolorem sint ut asperiores dolorum neque est dolores ducimus. Ad magni itaque sapiente dolorem non quas est.', 'Qui aut officia amet eius quia velit. Beatae dolorum ex nostrum doloremque. Aut est possimus qui nulla quia aut voluptatum. Id sunt omnis quis.', '0');
INSERT INTO `Items` (`Items_id`, `Items_name`, `Ingredients`, `Image`, `Description`, `Item_type`, `Price`) VALUES (217, 'possimus', 'Maryland', 'http://lorempixel.com/640/480/', 'Voluptatibus mollitia quos suscipit provident. Earum esse eveniet earum in id magnam sunt. Sint consectetur facere veniam enim ut beatae.', 'Ut maiores itaque laudantium recusandae. Aut et consequuntur mollitia id non. Eum at est dolor ipsam non quos unde. Qui est sit ut eos fuga.', '269043');
INSERT INTO `Items` (`Items_id`, `Items_name`, `Ingredients`, `Image`, `Description`, `Item_type`, `Price`) VALUES (223, 'eveniet', 'NewJersey', 'http://lorempixel.com/640/480/', 'Ratione et eos odio consequatur. Cumque fugiat cumque et corporis quo voluptate eligendi. Facere qui eum dolores aut consequuntur quibusdam. Beatae iure consectetur quis culpa qui aut. Et reiciendis qui ea ut rerum earum.', 'Tenetur quos officia aut fugit debitis laudantium vero sapiente. Eaque explicabo eum minima voluptatem et. In mollitia optio corrupti vel. Quisquam voluptatem sed quia ducimus aliquam consequatur.', '9');
INSERT INTO `Items` (`Items_id`, `Items_name`, `Ingredients`, `Image`, `Description`, `Item_type`, `Price`) VALUES (219, 'debitis', 'Nebraska', 'http://lorempixel.com/640/480/', 'Sed facere molestiae et. Sunt expedita molestias molestias repellendus ipsam esse. Voluptatem quas doloremque illum dolores.', 'Officiis harum placeat molestias repellendus alias. Exercitationem neque est eius et. Excepturi rerum ab impedit consectetur culpa consequatur dolorem.', '0');
INSERT INTO `Items` (`Items_id`, `Items_name`, `Ingredients`, `Image`, `Description`, `Item_type`, `Price`) VALUES (284, 'sint', 'WestVirginia', 'http://lorempixel.com/640/480/', 'Aut facere doloribus reiciendis cum commodi omnis alias. Quis distinctio voluptatem saepe libero. Autem ut quam et aut nobis.', 'Libero velit sint earum consequatur. Voluptatum reprehenderit quisquam non et. Minima qui consequatur id officiis.', '74');
INSERT INTO `Items` (`Items_id`, `Items_name`, `Ingredients`, `Image`, `Description`, `Item_type`, `Price`) VALUES (245, 'aut', 'Hawaii', 'http://lorempixel.com/640/480/', 'Assumenda atque aliquid quia dolorem dolorem. Qui nesciunt facere iusto nostrum labore optio id cumque. Omnis vel ducimus libero. Fugit rerum sit unde ducimus incidunt eligendi quia.', 'Non error dicta et cupiditate. Aut nesciunt officia voluptatum ut. Perspiciatis magni est qui voluptatem. Magni omnis et quae excepturi et.', '199952707');
INSERT INTO `Items` (`Items_id`, `Items_name`, `Ingredients`, `Image`, `Description`, `Item_type`, `Price`) VALUES (268, 'vitae', 'California', 'http://lorempixel.com/640/480/', 'Velit inventore officia cum velit. Minus vel beatae et corrupti aut sunt. Tempora id sit vel sunt excepturi dolorum quod. Aliquid nisi recusandae unde dolorem.', 'Eveniet excepturi suscipit beatae est. Dolorum tempora et rem ipsam maiores. Sequi aut commodi neque non ducimus quo. Ipsum velit neque aut vel delectus sit.', '3314064');
INSERT INTO `Items` (`Items_id`, `Items_name`, `Ingredients`, `Image`, `Description`, `Item_type`, `Price`) VALUES (289, 'dolores', 'Maryland', 'http://lorempixel.com/640/480/', 'Quasi eos consectetur sapiente praesentium eligendi aut illo autem. Eum minus non ex enim beatae eum nulla. Qui rem maiores sint expedita iusto iure.', 'Autem deserunt qui fugit alias voluptates facere. Ab voluptatem qui est odio. Et voluptatem iusto ut eos consequatur. Numquam rem earum molestiae. Rerum ullam est numquam nesciunt ipsam.', '224458');


#
# TABLE STRUCTURE FOR: Owner
#

DROP TABLE IF EXISTS `Owner`;

CREATE TABLE `Owner` (
  `Owner_id` int(11) DEFAULT NULL,
  `Owner_name` text DEFAULT NULL
) ENGINE=InnoDB DEFAULT CHARSET=utf8mb4;

INSERT INTO `Owner` (`Owner_id`, `Owner_name`) VALUES (107, 'ut');
INSERT INTO `Owner` (`Owner_id`, `Owner_name`) VALUES (137, 'neque');
INSERT INTO `Owner` (`Owner_id`, `Owner_name`) VALUES (191, 'dolore');
INSERT INTO `Owner` (`Owner_id`, `Owner_name`) VALUES (133, 'dolor');
INSERT INTO `Owner` (`Owner_id`, `Owner_name`) VALUES (195, 'doloribus');
INSERT INTO `Owner` (`Owner_id`, `Owner_name`) VALUES (143, 'placeat');
INSERT INTO `Owner` (`Owner_id`, `Owner_name`) VALUES (168, 'deleniti');
INSERT INTO `Owner` (`Owner_id`, `Owner_name`) VALUES (173, 'porro');
INSERT INTO `Owner` (`Owner_id`, `Owner_name`) VALUES (174, 'nobis');
INSERT INTO `Owner` (`Owner_id`, `Owner_name`) VALUES (151, 'tempore');
INSERT INTO `Owner` (`Owner_id`, `Owner_name`) VALUES (189, 'animi');
INSERT INTO `Owner` (`Owner_id`, `Owner_name`) VALUES (179, 'ex');
INSERT INTO `Owner` (`Owner_id`, `Owner_name`) VALUES (150, 'aut');
INSERT INTO `Owner` (`Owner_id`, `Owner_name`) VALUES (147, 'iusto');
INSERT INTO `Owner` (`Owner_id`, `Owner_name`) VALUES (145, 'esse');
INSERT INTO `Owner` (`Owner_id`, `Owner_name`) VALUES (184, 'nihil');
INSERT INTO `Owner` (`Owner_id`, `Owner_name`) VALUES (109, 'architecto');
INSERT INTO `Owner` (`Owner_id`, `Owner_name`) VALUES (194, 'asperiores');
INSERT INTO `Owner` (`Owner_id`, `Owner_name`) VALUES (190, 'possimus');
INSERT INTO `Owner` (`Owner_id`, `Owner_name`) VALUES (132, 'et');
INSERT INTO `Owner` (`Owner_id`, `Owner_name`) VALUES (115, 'incidunt');
INSERT INTO `Owner` (`Owner_id`, `Owner_name`) VALUES (114, 'et');
INSERT INTO `Owner` (`Owner_id`, `Owner_name`) VALUES (113, 'ex');
INSERT INTO `Owner` (`Owner_id`, `Owner_name`) VALUES (157, 'enim');
INSERT INTO `Owner` (`Owner_id`, `Owner_name`) VALUES (118, 'rerum');
INSERT INTO `Owner` (`Owner_id`, `Owner_name`) VALUES (198, 'reprehenderit');
INSERT INTO `Owner` (`Owner_id`, `Owner_name`) VALUES (188, 'doloribus');
INSERT INTO `Owner` (`Owner_id`, `Owner_name`) VALUES (117, 'sapiente');
INSERT INTO `Owner` (`Owner_id`, `Owner_name`) VALUES (165, 'nulla');
INSERT INTO `Owner` (`Owner_id`, `Owner_name`) VALUES (172, 'rerum');
INSERT INTO `Owner` (`Owner_id`, `Owner_name`) VALUES (138, 'ad');
INSERT INTO `Owner` (`Owner_id`, `Owner_name`) VALUES (144, 'tempora');
INSERT INTO `Owner` (`Owner_id`, `Owner_name`) VALUES (116, 'non');
INSERT INTO `Owner` (`Owner_id`, `Owner_name`) VALUES (169, 'et');
INSERT INTO `Owner` (`Owner_id`, `Owner_name`) VALUES (167, 'exercitationem');
INSERT INTO `Owner` (`Owner_id`, `Owner_name`) VALUES (175, 'dolor');
INSERT INTO `Owner` (`Owner_id`, `Owner_name`) VALUES (122, 'quaerat');
INSERT INTO `Owner` (`Owner_id`, `Owner_name`) VALUES (103, 'iste');
INSERT INTO `Owner` (`Owner_id`, `Owner_name`) VALUES (139, 'cupiditate');
INSERT INTO `Owner` (`Owner_id`, `Owner_name`) VALUES (181, 'quas');
INSERT INTO `Owner` (`Owner_id`, `Owner_name`) VALUES (187, 'molestias');
INSERT INTO `Owner` (`Owner_id`, `Owner_name`) VALUES (182, 'eligendi');
INSERT INTO `Owner` (`Owner_id`, `Owner_name`) VALUES (196, 'occaecati');
INSERT INTO `Owner` (`Owner_id`, `Owner_name`) VALUES (158, 'facere');
INSERT INTO `Owner` (`Owner_id`, `Owner_name`) VALUES (178, 'pariatur');
INSERT INTO `Owner` (`Owner_id`, `Owner_name`) VALUES (127, 'reiciendis');
INSERT INTO `Owner` (`Owner_id`, `Owner_name`) VALUES (146, 'omnis');
INSERT INTO `Owner` (`Owner_id`, `Owner_name`) VALUES (123, 'et');
INSERT INTO `Owner` (`Owner_id`, `Owner_name`) VALUES (185, 'libero');
INSERT INTO `Owner` (`Owner_id`, `Owner_name`) VALUES (125, 'voluptatum');
INSERT INTO `Owner` (`Owner_id`, `Owner_name`) VALUES (112, 'consequatur');
INSERT INTO `Owner` (`Owner_id`, `Owner_name`) VALUES (193, 'eum');
INSERT INTO `Owner` (`Owner_id`, `Owner_name`) VALUES (162, 'voluptas');
INSERT INTO `Owner` (`Owner_id`, `Owner_name`) VALUES (128, 'non');
INSERT INTO `Owner` (`Owner_id`, `Owner_name`) VALUES (101, 'omnis');
INSERT INTO `Owner` (`Owner_id`, `Owner_name`) VALUES (183, 'atque');
INSERT INTO `Owner` (`Owner_id`, `Owner_name`) VALUES (121, 'aut');
INSERT INTO `Owner` (`Owner_id`, `Owner_name`) VALUES (105, 'totam');
INSERT INTO `Owner` (`Owner_id`, `Owner_name`) VALUES (119, 'molestias');
INSERT INTO `Owner` (`Owner_id`, `Owner_name`) VALUES (153, 'et');
INSERT INTO `Owner` (`Owner_id`, `Owner_name`) VALUES (171, 'voluptas');
INSERT INTO `Owner` (`Owner_id`, `Owner_name`) VALUES (164, 'pariatur');
INSERT INTO `Owner` (`Owner_id`, `Owner_name`) VALUES (180, 'iusto');
INSERT INTO `Owner` (`Owner_id`, `Owner_name`) VALUES (142, 'ab');
INSERT INTO `Owner` (`Owner_id`, `Owner_name`) VALUES (176, 'ducimus');
INSERT INTO `Owner` (`Owner_id`, `Owner_name`) VALUES (140, 'aliquam');
INSERT INTO `Owner` (`Owner_id`, `Owner_name`) VALUES (110, 'quo');
INSERT INTO `Owner` (`Owner_id`, `Owner_name`) VALUES (134, 'deleniti');
INSERT INTO `Owner` (`Owner_id`, `Owner_name`) VALUES (197, 'fugit');
INSERT INTO `Owner` (`Owner_id`, `Owner_name`) VALUES (120, 'ut');
INSERT INTO `Owner` (`Owner_id`, `Owner_name`) VALUES (199, 'perferendis');
INSERT INTO `Owner` (`Owner_id`, `Owner_name`) VALUES (200, 'nobis');
INSERT INTO `Owner` (`Owner_id`, `Owner_name`) VALUES (141, 'temporibus');
INSERT INTO `Owner` (`Owner_id`, `Owner_name`) VALUES (102, 'maiores');
INSERT INTO `Owner` (`Owner_id`, `Owner_name`) VALUES (177, 'est');
INSERT INTO `Owner` (`Owner_id`, `Owner_name`) VALUES (126, 'et');
INSERT INTO `Owner` (`Owner_id`, `Owner_name`) VALUES (154, 'delectus');
INSERT INTO `Owner` (`Owner_id`, `Owner_name`) VALUES (156, 'natus');
INSERT INTO `Owner` (`Owner_id`, `Owner_name`) VALUES (148, 'dicta');
INSERT INTO `Owner` (`Owner_id`, `Owner_name`) VALUES (159, 'id');
INSERT INTO `Owner` (`Owner_id`, `Owner_name`) VALUES (155, 'consequatur');
INSERT INTO `Owner` (`Owner_id`, `Owner_name`) VALUES (129, 'et');
INSERT INTO `Owner` (`Owner_id`, `Owner_name`) VALUES (161, 'expedita');
INSERT INTO `Owner` (`Owner_id`, `Owner_name`) VALUES (149, 'et');
INSERT INTO `Owner` (`Owner_id`, `Owner_name`) VALUES (136, 'voluptatibus');
INSERT INTO `Owner` (`Owner_id`, `Owner_name`) VALUES (170, 'eos');
INSERT INTO `Owner` (`Owner_id`, `Owner_name`) VALUES (192, 'rerum');
INSERT INTO `Owner` (`Owner_id`, `Owner_name`) VALUES (152, 'enim');
INSERT INTO `Owner` (`Owner_id`, `Owner_name`) VALUES (108, 'modi');
INSERT INTO `Owner` (`Owner_id`, `Owner_name`) VALUES (186, 'provident');
INSERT INTO `Owner` (`Owner_id`, `Owner_name`) VALUES (166, 'architecto');
INSERT INTO `Owner` (`Owner_id`, `Owner_name`) VALUES (111, 'voluptatem');
INSERT INTO `Owner` (`Owner_id`, `Owner_name`) VALUES (135, 'voluptatem');
INSERT INTO `Owner` (`Owner_id`, `Owner_name`) VALUES (130, 'natus');
INSERT INTO `Owner` (`Owner_id`, `Owner_name`) VALUES (106, 'eum');
INSERT INTO `Owner` (`Owner_id`, `Owner_name`) VALUES (160, 'occaecati');
INSERT INTO `Owner` (`Owner_id`, `Owner_name`) VALUES (124, 'dolorum');
INSERT INTO `Owner` (`Owner_id`, `Owner_name`) VALUES (131, 'voluptates');
INSERT INTO `Owner` (`Owner_id`, `Owner_name`) VALUES (104, 'architecto');
INSERT INTO `Owner` (`Owner_id`, `Owner_name`) VALUES (163, 'et');


#
# TABLE STRUCTURE FOR: Purchases
#

DROP TABLE IF EXISTS `Purchases`;

CREATE TABLE `Purchases` (
  `Item_id` int(11) DEFAULT NULL,
  `Quantity` int(11) DEFAULT NULL,
  `User_id` int(11) DEFAULT NULL,
  `Purchase_basket_id` int(11) DEFAULT NULL
) ENGINE=InnoDB DEFAULT CHARSET=utf8mb4;

INSERT INTO `Purchases` (`Item_id`, `Quantity`, `User_id`, `Purchase_basket_id`) VALUES (240, 2, 330, 49491);
INSERT INTO `Purchases` (`Item_id`, `Quantity`, `User_id`, `Purchase_basket_id`) VALUES (298, 5, 309, 45297040);
INSERT INTO `Purchases` (`Item_id`, `Quantity`, `User_id`, `Purchase_basket_id`) VALUES (234, 7, 328, 759162168);
INSERT INTO `Purchases` (`Item_id`, `Quantity`, `User_id`, `Purchase_basket_id`) VALUES (237, 3, 345, 178728);
INSERT INTO `Purchases` (`Item_id`, `Quantity`, `User_id`, `Purchase_basket_id`) VALUES (290, 4, 338, 0);
INSERT INTO `Purchases` (`Item_id`, `Quantity`, `User_id`, `Purchase_basket_id`) VALUES (256, 3, 356, 0);
INSERT INTO `Purchases` (`Item_id`, `Quantity`, `User_id`, `Purchase_basket_id`) VALUES (262, 9, 371, 867323845);
INSERT INTO `Purchases` (`Item_id`, `Quantity`, `User_id`, `Purchase_basket_id`) VALUES (203, 5, 343, 92);
INSERT INTO `Purchases` (`Item_id`, `Quantity`, `User_id`, `Purchase_basket_id`) VALUES (254, 4, 314, 966301331);
INSERT INTO `Purchases` (`Item_id`, `Quantity`, `User_id`, `Purchase_basket_id`) VALUES (235, 3, 386, 218);
INSERT INTO `Purchases` (`Item_id`, `Quantity`, `User_id`, `Purchase_basket_id`) VALUES (291, 7, 387, 81478);
INSERT INTO `Purchases` (`Item_id`, `Quantity`, `User_id`, `Purchase_basket_id`) VALUES (274, 8, 311, 1432);
INSERT INTO `Purchases` (`Item_id`, `Quantity`, `User_id`, `Purchase_basket_id`) VALUES (270, 7, 366, 20);
INSERT INTO `Purchases` (`Item_id`, `Quantity`, `User_id`, `Purchase_basket_id`) VALUES (208, 5, 306, 0);
INSERT INTO `Purchases` (`Item_id`, `Quantity`, `User_id`, `Purchase_basket_id`) VALUES (271, 6, 332, 4);
INSERT INTO `Purchases` (`Item_id`, `Quantity`, `User_id`, `Purchase_basket_id`) VALUES (201, 9, 320, 66039748);
INSERT INTO `Purchases` (`Item_id`, `Quantity`, `User_id`, `Purchase_basket_id`) VALUES (261, 3, 308, 67499);
INSERT INTO `Purchases` (`Item_id`, `Quantity`, `User_id`, `Purchase_basket_id`) VALUES (278, 1, 346, 153166);
INSERT INTO `Purchases` (`Item_id`, `Quantity`, `User_id`, `Purchase_basket_id`) VALUES (296, 9, 367, 42149);
INSERT INTO `Purchases` (`Item_id`, `Quantity`, `User_id`, `Purchase_basket_id`) VALUES (250, 1, 325, 958809);
INSERT INTO `Purchases` (`Item_id`, `Quantity`, `User_id`, `Purchase_basket_id`) VALUES (300, 6, 301, 35173);
INSERT INTO `Purchases` (`Item_id`, `Quantity`, `User_id`, `Purchase_basket_id`) VALUES (211, 5, 333, 53920503);
INSERT INTO `Purchases` (`Item_id`, `Quantity`, `User_id`, `Purchase_basket_id`) VALUES (272, 9, 372, 57370);
INSERT INTO `Purchases` (`Item_id`, `Quantity`, `User_id`, `Purchase_basket_id`) VALUES (286, 3, 318, 74438);
INSERT INTO `Purchases` (`Item_id`, `Quantity`, `User_id`, `Purchase_basket_id`) VALUES (260, 7, 350, 56880);
INSERT INTO `Purchases` (`Item_id`, `Quantity`, `User_id`, `Purchase_basket_id`) VALUES (217, 5, 355, 398);
INSERT INTO `Purchases` (`Item_id`, `Quantity`, `User_id`, `Purchase_basket_id`) VALUES (244, 1, 312, 238384);
INSERT INTO `Purchases` (`Item_id`, `Quantity`, `User_id`, `Purchase_basket_id`) VALUES (279, 8, 389, 924);
INSERT INTO `Purchases` (`Item_id`, `Quantity`, `User_id`, `Purchase_basket_id`) VALUES (233, 4, 362, 545);
INSERT INTO `Purchases` (`Item_id`, `Quantity`, `User_id`, `Purchase_basket_id`) VALUES (253, 4, 313, 297850545);
INSERT INTO `Purchases` (`Item_id`, `Quantity`, `User_id`, `Purchase_basket_id`) VALUES (225, 6, 337, 970777);
INSERT INTO `Purchases` (`Item_id`, `Quantity`, `User_id`, `Purchase_basket_id`) VALUES (232, 1, 307, 961);
INSERT INTO `Purchases` (`Item_id`, `Quantity`, `User_id`, `Purchase_basket_id`) VALUES (258, 5, 302, 60);
INSERT INTO `Purchases` (`Item_id`, `Quantity`, `User_id`, `Purchase_basket_id`) VALUES (228, 1, 396, 85180);
INSERT INTO `Purchases` (`Item_id`, `Quantity`, `User_id`, `Purchase_basket_id`) VALUES (246, 7, 329, 772471);
INSERT INTO `Purchases` (`Item_id`, `Quantity`, `User_id`, `Purchase_basket_id`) VALUES (282, 9, 340, 26383);
INSERT INTO `Purchases` (`Item_id`, `Quantity`, `User_id`, `Purchase_basket_id`) VALUES (210, 1, 374, 0);
INSERT INTO `Purchases` (`Item_id`, `Quantity`, `User_id`, `Purchase_basket_id`) VALUES (207, 4, 351, 43);
INSERT INTO `Purchases` (`Item_id`, `Quantity`, `User_id`, `Purchase_basket_id`) VALUES (284, 3, 394, 960718);
INSERT INTO `Purchases` (`Item_id`, `Quantity`, `User_id`, `Purchase_basket_id`) VALUES (241, 9, 347, 577740882);
INSERT INTO `Purchases` (`Item_id`, `Quantity`, `User_id`, `Purchase_basket_id`) VALUES (292, 5, 390, 3);
INSERT INTO `Purchases` (`Item_id`, `Quantity`, `User_id`, `Purchase_basket_id`) VALUES (239, 5, 336, 51383671);
INSERT INTO `Purchases` (`Item_id`, `Quantity`, `User_id`, `Purchase_basket_id`) VALUES (238, 4, 380, 1439418);
INSERT INTO `Purchases` (`Item_id`, `Quantity`, `User_id`, `Purchase_basket_id`) VALUES (266, 6, 378, 65);
INSERT INTO `Purchases` (`Item_id`, `Quantity`, `User_id`, `Purchase_basket_id`) VALUES (236, 1, 373, 299617065);
INSERT INTO `Purchases` (`Item_id`, `Quantity`, `User_id`, `Purchase_basket_id`) VALUES (206, 4, 384, 28225559);
INSERT INTO `Purchases` (`Item_id`, `Quantity`, `User_id`, `Purchase_basket_id`) VALUES (294, 8, 357, 9737);
INSERT INTO `Purchases` (`Item_id`, `Quantity`, `User_id`, `Purchase_basket_id`) VALUES (205, 7, 391, 4555092);
INSERT INTO `Purchases` (`Item_id`, `Quantity`, `User_id`, `Purchase_basket_id`) VALUES (216, 8, 364, 250);
INSERT INTO `Purchases` (`Item_id`, `Quantity`, `User_id`, `Purchase_basket_id`) VALUES (243, 4, 341, 9);
INSERT INTO `Purchases` (`Item_id`, `Quantity`, `User_id`, `Purchase_basket_id`) VALUES (213, 2, 388, 94);
INSERT INTO `Purchases` (`Item_id`, `Quantity`, `User_id`, `Purchase_basket_id`) VALUES (242, 1, 323, 315982745);
INSERT INTO `Purchases` (`Item_id`, `Quantity`, `User_id`, `Purchase_basket_id`) VALUES (259, 6, 317, 724719);
INSERT INTO `Purchases` (`Item_id`, `Quantity`, `User_id`, `Purchase_basket_id`) VALUES (276, 9, 376, 90806328);
INSERT INTO `Purchases` (`Item_id`, `Quantity`, `User_id`, `Purchase_basket_id`) VALUES (231, 3, 359, 1522044);
INSERT INTO `Purchases` (`Item_id`, `Quantity`, `User_id`, `Purchase_basket_id`) VALUES (295, 1, 324, 6635);
INSERT INTO `Purchases` (`Item_id`, `Quantity`, `User_id`, `Purchase_basket_id`) VALUES (220, 8, 305, 0);
INSERT INTO `Purchases` (`Item_id`, `Quantity`, `User_id`, `Purchase_basket_id`) VALUES (280, 9, 395, 293);
INSERT INTO `Purchases` (`Item_id`, `Quantity`, `User_id`, `Purchase_basket_id`) VALUES (204, 5, 342, 420446603);
INSERT INTO `Purchases` (`Item_id`, `Quantity`, `User_id`, `Purchase_basket_id`) VALUES (281, 5, 334, 4632223);
INSERT INTO `Purchases` (`Item_id`, `Quantity`, `User_id`, `Purchase_basket_id`) VALUES (248, 2, 368, 93156);
INSERT INTO `Purchases` (`Item_id`, `Quantity`, `User_id`, `Purchase_basket_id`) VALUES (265, 8, 365, 1764483);
INSERT INTO `Purchases` (`Item_id`, `Quantity`, `User_id`, `Purchase_basket_id`) VALUES (257, 2, 398, 276176810);
INSERT INTO `Purchases` (`Item_id`, `Quantity`, `User_id`, `Purchase_basket_id`) VALUES (287, 3, 331, 50);
INSERT INTO `Purchases` (`Item_id`, `Quantity`, `User_id`, `Purchase_basket_id`) VALUES (230, 1, 335, 59609774);
INSERT INTO `Purchases` (`Item_id`, `Quantity`, `User_id`, `Purchase_basket_id`) VALUES (222, 9, 327, 6);
INSERT INTO `Purchases` (`Item_id`, `Quantity`, `User_id`, `Purchase_basket_id`) VALUES (285, 1, 354, 9);
INSERT INTO `Purchases` (`Item_id`, `Quantity`, `User_id`, `Purchase_basket_id`) VALUES (218, 1, 304, 8263);
INSERT INTO `Purchases` (`Item_id`, `Quantity`, `User_id`, `Purchase_basket_id`) VALUES (209, 7, 382, 0);
INSERT INTO `Purchases` (`Item_id`, `Quantity`, `User_id`, `Purchase_basket_id`) VALUES (202, 1, 369, 22);
INSERT INTO `Purchases` (`Item_id`, `Quantity`, `User_id`, `Purchase_basket_id`) VALUES (269, 4, 392, 4);
INSERT INTO `Purchases` (`Item_id`, `Quantity`, `User_id`, `Purchase_basket_id`) VALUES (247, 1, 358, 8021);
INSERT INTO `Purchases` (`Item_id`, `Quantity`, `User_id`, `Purchase_basket_id`) VALUES (273, 4, 399, 44);
INSERT INTO `Purchases` (`Item_id`, `Quantity`, `User_id`, `Purchase_basket_id`) VALUES (252, 4, 303, 642635);
INSERT INTO `Purchases` (`Item_id`, `Quantity`, `User_id`, `Purchase_basket_id`) VALUES (226, 8, 322, 842);
INSERT INTO `Purchases` (`Item_id`, `Quantity`, `User_id`, `Purchase_basket_id`) VALUES (277, 7, 393, 9);
INSERT INTO `Purchases` (`Item_id`, `Quantity`, `User_id`, `Purchase_basket_id`) VALUES (229, 9, 352, 16699895);
INSERT INTO `Purchases` (`Item_id`, `Quantity`, `User_id`, `Purchase_basket_id`) VALUES (289, 9, 319, 618929719);
INSERT INTO `Purchases` (`Item_id`, `Quantity`, `User_id`, `Purchase_basket_id`) VALUES (255, 5, 381, 83);
INSERT INTO `Purchases` (`Item_id`, `Quantity`, `User_id`, `Purchase_basket_id`) VALUES (221, 4, 375, 10389);
INSERT INTO `Purchases` (`Item_id`, `Quantity`, `User_id`, `Purchase_basket_id`) VALUES (215, 3, 316, 492);
INSERT INTO `Purchases` (`Item_id`, `Quantity`, `User_id`, `Purchase_basket_id`) VALUES (299, 9, 326, 5844357);
INSERT INTO `Purchases` (`Item_id`, `Quantity`, `User_id`, `Purchase_basket_id`) VALUES (249, 1, 353, 739449674);
INSERT INTO `Purchases` (`Item_id`, `Quantity`, `User_id`, `Purchase_basket_id`) VALUES (214, 5, 377, 51192);
INSERT INTO `Purchases` (`Item_id`, `Quantity`, `User_id`, `Purchase_basket_id`) VALUES (219, 2, 400, 55526355);
INSERT INTO `Purchases` (`Item_id`, `Quantity`, `User_id`, `Purchase_basket_id`) VALUES (267, 1, 385, 48);
INSERT INTO `Purchases` (`Item_id`, `Quantity`, `User_id`, `Purchase_basket_id`) VALUES (212, 4, 349, 891964872);
INSERT INTO `Purchases` (`Item_id`, `Quantity`, `User_id`, `Purchase_basket_id`) VALUES (245, 2, 363, 5383242);
INSERT INTO `Purchases` (`Item_id`, `Quantity`, `User_id`, `Purchase_basket_id`) VALUES (264, 9, 315, 62862);
INSERT INTO `Purchases` (`Item_id`, `Quantity`, `User_id`, `Purchase_basket_id`) VALUES (275, 3, 361, 82317);
INSERT INTO `Purchases` (`Item_id`, `Quantity`, `User_id`, `Purchase_basket_id`) VALUES (283, 2, 383, 66);
INSERT INTO `Purchases` (`Item_id`, `Quantity`, `User_id`, `Purchase_basket_id`) VALUES (297, 3, 348, 44308);
INSERT INTO `Purchases` (`Item_id`, `Quantity`, `User_id`, `Purchase_basket_id`) VALUES (224, 3, 344, 728234778);
INSERT INTO `Purchases` (`Item_id`, `Quantity`, `User_id`, `Purchase_basket_id`) VALUES (263, 8, 370, 1);
INSERT INTO `Purchases` (`Item_id`, `Quantity`, `User_id`, `Purchase_basket_id`) VALUES (288, 6, 310, 43676);
INSERT INTO `Purchases` (`Item_id`, `Quantity`, `User_id`, `Purchase_basket_id`) VALUES (251, 4, 379, 57176545);
INSERT INTO `Purchases` (`Item_id`, `Quantity`, `User_id`, `Purchase_basket_id`) VALUES (268, 7, 397, 0);
INSERT INTO `Purchases` (`Item_id`, `Quantity`, `User_id`, `Purchase_basket_id`) VALUES (293, 1, 321, 98882743);
INSERT INTO `Purchases` (`Item_id`, `Quantity`, `User_id`, `Purchase_basket_id`) VALUES (227, 8, 360, 4);
INSERT INTO `Purchases` (`Item_id`, `Quantity`, `User_id`, `Purchase_basket_id`) VALUES (223, 5, 339, 283514501);


#
# TABLE STRUCTURE FOR: Transactions
#

DROP TABLE IF EXISTS `Transactions`;

CREATE TABLE `Transactions` (
  `Transaction_timestamp` datetime DEFAULT NULL,
  `Transaction_amount` decimal(10,0) DEFAULT NULL,
  `Transaction_id` int(11) DEFAULT NULL,
  `Hash` text DEFAULT NULL
) ENGINE=InnoDB DEFAULT CHARSET=utf8mb4;

INSERT INTO `Transactions` (`Transaction_timestamp`, `Transaction_amount`, `Transaction_id`, `Hash`) VALUES ('1988-12-30 02:06:32', '271649', 925, '34ccffee0341a73e6114fcbc77efc4ce7f84c46e');
INSERT INTO `Transactions` (`Transaction_timestamp`, `Transaction_amount`, `Transaction_id`, `Hash`) VALUES ('2018-06-19 07:57:28', '79339', 810, 'ec981239086916dba98723ba1c7d6bac3751dda0');
INSERT INTO `Transactions` (`Transaction_timestamp`, `Transaction_amount`, `Transaction_id`, `Hash`) VALUES ('1998-07-29 05:09:12', '119540470', 560, '97ea3c9b86e886ed8e2083af541905eba329fc4e');
INSERT INTO `Transactions` (`Transaction_timestamp`, `Transaction_amount`, `Transaction_id`, `Hash`) VALUES ('2016-09-12 12:26:42', '12585934', 907, '98647329d5138e798f8448d20cc132fd3cb06a91');
INSERT INTO `Transactions` (`Transaction_timestamp`, `Transaction_amount`, `Transaction_id`, `Hash`) VALUES ('1970-05-08 08:46:24', '1177629', 557, 'c8b83642c1ea19e821e505f1e7370dcaf841ae28');
INSERT INTO `Transactions` (`Transaction_timestamp`, `Transaction_amount`, `Transaction_id`, `Hash`) VALUES ('1975-11-07 18:48:50', '1574', 913, '771317e91c57c930bed1c19269bd26fa574249d2');
INSERT INTO `Transactions` (`Transaction_timestamp`, `Transaction_amount`, `Transaction_id`, `Hash`) VALUES ('2009-12-13 03:38:42', '17', 957, 'f494ca3b5f654a823e779f54a6bd03fe4971166a');
INSERT INTO `Transactions` (`Transaction_timestamp`, `Transaction_amount`, `Transaction_id`, `Hash`) VALUES ('1983-02-06 15:26:54', '550332218', 752, 'b7b5917a904767e2869d330956b2dbfd86e254f0');
INSERT INTO `Transactions` (`Transaction_timestamp`, `Transaction_amount`, `Transaction_id`, `Hash`) VALUES ('1993-07-18 20:19:13', '474', 983, '0caf075fbaaa4c2ea3740556390451758c0dcfe9');
INSERT INTO `Transactions` (`Transaction_timestamp`, `Transaction_amount`, `Transaction_id`, `Hash`) VALUES ('1984-08-13 04:09:14', '18', 722, '2f2db8cb99830ec367094bb29445f67d68f4443b');
INSERT INTO `Transactions` (`Transaction_timestamp`, `Transaction_amount`, `Transaction_id`, `Hash`) VALUES ('1982-04-29 01:13:55', '13652', 522, '61ba8e7f06dafe778df2082daba4feb10d8af017');
INSERT INTO `Transactions` (`Transaction_timestamp`, `Transaction_amount`, `Transaction_id`, `Hash`) VALUES ('1999-12-14 12:43:14', '335', 864, 'b365b493131f26a06fb9957568a70eb09594695f');
INSERT INTO `Transactions` (`Transaction_timestamp`, `Transaction_amount`, `Transaction_id`, `Hash`) VALUES ('2011-11-10 06:46:38', '10120354', 793, 'a8eb0f063ffb076f2ae8fcc5ec67103a5adac10c');
INSERT INTO `Transactions` (`Transaction_timestamp`, `Transaction_amount`, `Transaction_id`, `Hash`) VALUES ('1974-09-16 00:42:38', '1', 967, '40d7d44016bc6af79b0652cbe44d448435c7a4a8');
INSERT INTO `Transactions` (`Transaction_timestamp`, `Transaction_amount`, `Transaction_id`, `Hash`) VALUES ('1980-05-11 15:05:15', '231', 544, '7cb8a38a683fb24d411f23a7b3d3bee587d0e06e');
INSERT INTO `Transactions` (`Transaction_timestamp`, `Transaction_amount`, `Transaction_id`, `Hash`) VALUES ('1970-12-25 23:59:21', '41112906', 915, '7350da7b912f7c7b5ea3b9ecd7e2c6ca081c1826');
INSERT INTO `Transactions` (`Transaction_timestamp`, `Transaction_amount`, `Transaction_id`, `Hash`) VALUES ('2013-08-19 09:40:16', '10812003', 660, '20daf30941bd815a6765fad6161b2daaf4569587');
INSERT INTO `Transactions` (`Transaction_timestamp`, `Transaction_amount`, `Transaction_id`, `Hash`) VALUES ('1998-02-14 09:27:53', '13827665', 896, 'c34f1855a9a2651134038e3cbb28e01bea674bbf');
INSERT INTO `Transactions` (`Transaction_timestamp`, `Transaction_amount`, `Transaction_id`, `Hash`) VALUES ('2008-11-10 21:59:49', '0', 891, '9289f5b1965254b7713aa3f07c67c91d6444e7bd');
INSERT INTO `Transactions` (`Transaction_timestamp`, `Transaction_amount`, `Transaction_id`, `Hash`) VALUES ('1999-01-31 05:43:31', '5', 857, '1aca417ef787d928ca9c4f39ab2ac84a7485c44a');
INSERT INTO `Transactions` (`Transaction_timestamp`, `Transaction_amount`, `Transaction_id`, `Hash`) VALUES ('1980-02-11 18:11:01', '31077', 644, '8158a7d4e2ce78ebfda34e46384464783661338d');
INSERT INTO `Transactions` (`Transaction_timestamp`, `Transaction_amount`, `Transaction_id`, `Hash`) VALUES ('2015-04-15 20:01:14', '30081', 503, '2d1bf63b8caf591025307c3c8cb05b8ae313f072');
INSERT INTO `Transactions` (`Transaction_timestamp`, `Transaction_amount`, `Transaction_id`, `Hash`) VALUES ('1984-10-30 13:22:03', '17', 555, '4be8312fdf1b1d4b28569855674fea21d4144aad');
INSERT INTO `Transactions` (`Transaction_timestamp`, `Transaction_amount`, `Transaction_id`, `Hash`) VALUES ('1991-08-19 22:38:52', '1354', 861, '8573c6c5bc76de292f2d9dc308e570244ee61c3c');
INSERT INTO `Transactions` (`Transaction_timestamp`, `Transaction_amount`, `Transaction_id`, `Hash`) VALUES ('1983-11-20 19:52:54', '21552', 759, '1aff9538a3116b08663a54a58361036448af4dda');
INSERT INTO `Transactions` (`Transaction_timestamp`, `Transaction_amount`, `Transaction_id`, `Hash`) VALUES ('1975-03-14 08:21:03', '506666120', 777, '907598544e1e9b4d52d168650e450272211b5d2f');
INSERT INTO `Transactions` (`Transaction_timestamp`, `Transaction_amount`, `Transaction_id`, `Hash`) VALUES ('1985-05-25 21:01:45', '0', 938, '9ae906646a5d620304fbb78ba3f30893afb8cf88');
INSERT INTO `Transactions` (`Transaction_timestamp`, `Transaction_amount`, `Transaction_id`, `Hash`) VALUES ('2012-11-01 06:16:48', '2', 735, '310db7a7b29e6bd7ca5cb04f8745ede0a25ed826');
INSERT INTO `Transactions` (`Transaction_timestamp`, `Transaction_amount`, `Transaction_id`, `Hash`) VALUES ('2001-01-18 15:45:36', '3897722', 947, '9377d51ae340b3231cdaaa08e7769d4453615289');
INSERT INTO `Transactions` (`Transaction_timestamp`, `Transaction_amount`, `Transaction_id`, `Hash`) VALUES ('2014-04-18 22:26:03', '2347', 508, '344f16841c422719c9c19b5426d72e0380c27cbc');
INSERT INTO `Transactions` (`Transaction_timestamp`, `Transaction_amount`, `Transaction_id`, `Hash`) VALUES ('1970-11-05 00:25:40', '31613', 929, '2f90add5cc75753d51ad494ca0a0fb1b04a84575');
INSERT INTO `Transactions` (`Transaction_timestamp`, `Transaction_amount`, `Transaction_id`, `Hash`) VALUES ('1998-02-07 13:27:10', '1', 942, 'a2186460dff1441454025541b075703cd8ee52ce');
INSERT INTO `Transactions` (`Transaction_timestamp`, `Transaction_amount`, `Transaction_id`, `Hash`) VALUES ('1998-05-03 14:04:19', '3724', 828, 'b3df4137087392481930d39fd5257ffd140e0869');
INSERT INTO `Transactions` (`Transaction_timestamp`, `Transaction_amount`, `Transaction_id`, `Hash`) VALUES ('2002-09-23 10:44:18', '47', 572, '2f50172a84d2a37b0d4d157e989bdc5d2aaa6f82');
INSERT INTO `Transactions` (`Transaction_timestamp`, `Transaction_amount`, `Transaction_id`, `Hash`) VALUES ('2006-08-03 19:56:39', '7', 527, 'd11f85d650ba79f41fb0ae2aec96bf4d2accf676');
INSERT INTO `Transactions` (`Transaction_timestamp`, `Transaction_amount`, `Transaction_id`, `Hash`) VALUES ('1997-02-05 15:42:40', '2313569', 776, 'cc37dbe64bfc397cbc3bfa9c752bf8c15f4d6930');
INSERT INTO `Transactions` (`Transaction_timestamp`, `Transaction_amount`, `Transaction_id`, `Hash`) VALUES ('2018-04-27 04:06:55', '0', 902, '93e5c28e9477be6c925260f42931e5e565455dc8');
INSERT INTO `Transactions` (`Transaction_timestamp`, `Transaction_amount`, `Transaction_id`, `Hash`) VALUES ('1997-11-18 10:22:49', '229773', 642, '33c74911ed9e350382cd7d4f2d8b76ec641dcb77');
INSERT INTO `Transactions` (`Transaction_timestamp`, `Transaction_amount`, `Transaction_id`, `Hash`) VALUES ('1996-11-15 18:16:28', '26', 707, '5107ce8abff250da616302a62dc86cbcaa859a41');
INSERT INTO `Transactions` (`Transaction_timestamp`, `Transaction_amount`, `Transaction_id`, `Hash`) VALUES ('2013-06-27 06:21:52', '158747', 530, '05f2462fbd0bfbe58d28dc57c19ff916193fff1c');
INSERT INTO `Transactions` (`Transaction_timestamp`, `Transaction_amount`, `Transaction_id`, `Hash`) VALUES ('1976-11-30 16:11:26', '7063806', 509, '42d2f5584991ba52087edf70345943aa4f6c15b4');
INSERT INTO `Transactions` (`Transaction_timestamp`, `Transaction_amount`, `Transaction_id`, `Hash`) VALUES ('1989-11-22 22:31:47', '2899', 760, 'a6be7fcfe8c3070f2f59d2c9d19e7d2312175154');
INSERT INTO `Transactions` (`Transaction_timestamp`, `Transaction_amount`, `Transaction_id`, `Hash`) VALUES ('1975-04-11 18:36:29', '45429377', 703, '3f9b9dac4eafafb743057858c7f656b1c6cc0829');
INSERT INTO `Transactions` (`Transaction_timestamp`, `Transaction_amount`, `Transaction_id`, `Hash`) VALUES ('1974-02-11 06:43:58', '0', 553, '6d64e8a376323cf1906ee8883c53f2430ad117dc');
INSERT INTO `Transactions` (`Transaction_timestamp`, `Transaction_amount`, `Transaction_id`, `Hash`) VALUES ('1980-09-17 14:54:35', '0', 918, '91351a07ec0b1d96cb1bc0abc5518f4bf5eb1399');
INSERT INTO `Transactions` (`Transaction_timestamp`, `Transaction_amount`, `Transaction_id`, `Hash`) VALUES ('1992-11-26 13:45:28', '4547', 906, 'a4b710903ee25f3e51ea5646f599eab7e5257265');
INSERT INTO `Transactions` (`Transaction_timestamp`, `Transaction_amount`, `Transaction_id`, `Hash`) VALUES ('1978-01-11 07:55:04', '237727', 974, '56ee4ae2f13849771519ae88f8337493314c1071');
INSERT INTO `Transactions` (`Transaction_timestamp`, `Transaction_amount`, `Transaction_id`, `Hash`) VALUES ('2007-02-16 18:19:19', '1358', 920, '4097991ead311af35f9cf12a1cf637ca55c383de');
INSERT INTO `Transactions` (`Transaction_timestamp`, `Transaction_amount`, `Transaction_id`, `Hash`) VALUES ('1986-04-19 08:21:40', '5948142', 761, '84485ae75b1f6c679ee0b184212f99daede3afc4');
INSERT INTO `Transactions` (`Transaction_timestamp`, `Transaction_amount`, `Transaction_id`, `Hash`) VALUES ('1998-11-04 13:16:00', '740938', 885, '7869a0bcd8b5dee612e5df61ea8de587b7a98c1c');
INSERT INTO `Transactions` (`Transaction_timestamp`, `Transaction_amount`, `Transaction_id`, `Hash`) VALUES ('1995-03-23 18:22:36', '21', 657, '2b6ae05d93c94bd49d8924d5a50426d9af8b051f');
INSERT INTO `Transactions` (`Transaction_timestamp`, `Transaction_amount`, `Transaction_id`, `Hash`) VALUES ('2008-08-25 04:37:31', '1', 705, '6ef78db38b0986a8e938b4bfda5f70658a3b12d1');
INSERT INTO `Transactions` (`Transaction_timestamp`, `Transaction_amount`, `Transaction_id`, `Hash`) VALUES ('2014-06-01 13:23:31', '11', 502, 'aaeac7dbd5cabbf995e640d56da34de9162092bd');
INSERT INTO `Transactions` (`Transaction_timestamp`, `Transaction_amount`, `Transaction_id`, `Hash`) VALUES ('1979-07-06 15:29:27', '3', 666, '6f450b235078589b24afcf38220eaff2f6f7b4a8');
INSERT INTO `Transactions` (`Transaction_timestamp`, `Transaction_amount`, `Transaction_id`, `Hash`) VALUES ('1980-03-08 19:19:29', '11310762', 904, '40f4b726a1a544aa4d817a2e14a56c7c57e8eed9');
INSERT INTO `Transactions` (`Transaction_timestamp`, `Transaction_amount`, `Transaction_id`, `Hash`) VALUES ('2005-02-21 21:46:29', '8144171', 524, 'e3d8e5569bafd123fd8ed76dfd29ac59bb6dd651');
INSERT INTO `Transactions` (`Transaction_timestamp`, `Transaction_amount`, `Transaction_id`, `Hash`) VALUES ('2014-12-15 01:56:21', '1511602', 583, 'f0af8ceec89effa6cff9f630a388d948da46609b');
INSERT INTO `Transactions` (`Transaction_timestamp`, `Transaction_amount`, `Transaction_id`, `Hash`) VALUES ('1984-11-19 12:04:00', '358', 785, '19730a96a746310092441209f3947553cc9dabea');
INSERT INTO `Transactions` (`Transaction_timestamp`, `Transaction_amount`, `Transaction_id`, `Hash`) VALUES ('1986-02-15 21:21:29', '636', 658, '8c1122ca58b1fdd9bb8172203df6d83a3c030fd6');
INSERT INTO `Transactions` (`Transaction_timestamp`, `Transaction_amount`, `Transaction_id`, `Hash`) VALUES ('1973-10-06 21:53:30', '2682000', 989, '4dd627aa23a7c8af4cfa6e8bbc3b6a6780d48571');
INSERT INTO `Transactions` (`Transaction_timestamp`, `Transaction_amount`, `Transaction_id`, `Hash`) VALUES ('1979-07-07 04:07:52', '14774004', 893, '69e9a8e91516e2caa3eaa33dd0ec509ec918391e');
INSERT INTO `Transactions` (`Transaction_timestamp`, `Transaction_amount`, `Transaction_id`, `Hash`) VALUES ('1974-03-20 14:32:51', '67022', 744, 'e12b6cf7019cb74ea22b970891180c220c997d95');
INSERT INTO `Transactions` (`Transaction_timestamp`, `Transaction_amount`, `Transaction_id`, `Hash`) VALUES ('2006-07-31 06:01:28', '22', 992, 'd54521526029a1b3a708091599fd57b34a863853');
INSERT INTO `Transactions` (`Transaction_timestamp`, `Transaction_amount`, `Transaction_id`, `Hash`) VALUES ('2002-05-17 00:02:28', '4971169', 674, '9dea723a3050fcefa03f60379675cadada095b44');
INSERT INTO `Transactions` (`Transaction_timestamp`, `Transaction_amount`, `Transaction_id`, `Hash`) VALUES ('1970-08-21 10:06:04', '2421', 556, '8c1a79b0b88a3a33fdaaf5686f52d07353e14a60');
INSERT INTO `Transactions` (`Transaction_timestamp`, `Transaction_amount`, `Transaction_id`, `Hash`) VALUES ('1973-02-21 17:37:34', '4238', 997, 'a06b7fa6dab4bab99b93f5c2146e87c5e842d214');
INSERT INTO `Transactions` (`Transaction_timestamp`, `Transaction_amount`, `Transaction_id`, `Hash`) VALUES ('1973-05-02 04:03:38', '5531975', 751, 'eb2728ea5be424c6c8fc8e6532380e086b89199b');
INSERT INTO `Transactions` (`Transaction_timestamp`, `Transaction_amount`, `Transaction_id`, `Hash`) VALUES ('2006-03-07 14:10:03', '22', 965, '46428bd369fb667bd1b314375c238aab4e9f4ca3');
INSERT INTO `Transactions` (`Transaction_timestamp`, `Transaction_amount`, `Transaction_id`, `Hash`) VALUES ('1979-03-25 21:45:17', '0', 682, '663f11aaf5c67aff7921f0768a8fe9f8e9338ce4');
INSERT INTO `Transactions` (`Transaction_timestamp`, `Transaction_amount`, `Transaction_id`, `Hash`) VALUES ('1996-07-31 02:33:18', '0', 979, '05e9605a8230149e1b4ffca11920f990635b0bf4');
INSERT INTO `Transactions` (`Transaction_timestamp`, `Transaction_amount`, `Transaction_id`, `Hash`) VALUES ('1970-02-27 00:56:04', '421848562', 537, 'fc7e22c82b2a4b542d1abe4e2c07f2e716932843');
INSERT INTO `Transactions` (`Transaction_timestamp`, `Transaction_amount`, `Transaction_id`, `Hash`) VALUES ('2004-08-07 00:34:42', '315862675', 807, '7b3fb6b36e47dd9abcb159955b2b0f4a5afad5e8');
INSERT INTO `Transactions` (`Transaction_timestamp`, `Transaction_amount`, `Transaction_id`, `Hash`) VALUES ('1975-03-06 16:17:08', '0', 650, '6b4e44bfa6fdb815addaaddc1bd1de11028fc637');
INSERT INTO `Transactions` (`Transaction_timestamp`, `Transaction_amount`, `Transaction_id`, `Hash`) VALUES ('2017-02-01 15:07:40', '22250090', 980, 'c7b71f424e54f262074c8ab9a82658686262f8f6');
INSERT INTO `Transactions` (`Transaction_timestamp`, `Transaction_amount`, `Transaction_id`, `Hash`) VALUES ('1985-10-03 13:29:46', '35', 687, '4c9b2c8be39b7e1712cb87bd130785876645ef5b');
INSERT INTO `Transactions` (`Transaction_timestamp`, `Transaction_amount`, `Transaction_id`, `Hash`) VALUES ('2004-12-21 18:06:57', '50', 676, 'dc934a31a33093eb775d323f02bae27f0af74c5b');
INSERT INTO `Transactions` (`Transaction_timestamp`, `Transaction_amount`, `Transaction_id`, `Hash`) VALUES ('1970-09-22 05:02:27', '1427523', 532, '871f2c21107e9d5e1887256f2119a4138f876e3b');
INSERT INTO `Transactions` (`Transaction_timestamp`, `Transaction_amount`, `Transaction_id`, `Hash`) VALUES ('2009-11-19 04:46:54', '3', 778, '16a87e679f5c3243c75568e58317b1843324219b');
INSERT INTO `Transactions` (`Transaction_timestamp`, `Transaction_amount`, `Transaction_id`, `Hash`) VALUES ('1976-07-19 04:10:30', '1989552', 514, '1dfdabdc68bc96c748b932287bc714aeea3ad734');
INSERT INTO `Transactions` (`Transaction_timestamp`, `Transaction_amount`, `Transaction_id`, `Hash`) VALUES ('1973-10-01 04:18:44', '7916729', 533, 'cedc4df133b2fdbb8c03fae4a9c9e4494ffadbc6');
INSERT INTO `Transactions` (`Transaction_timestamp`, `Transaction_amount`, `Transaction_id`, `Hash`) VALUES ('1996-07-15 09:15:47', '434', 548, 'bd265840d3ef506a440da1d48512c77b926abcf2');
INSERT INTO `Transactions` (`Transaction_timestamp`, `Transaction_amount`, `Transaction_id`, `Hash`) VALUES ('1975-01-06 14:40:42', '32816011', 506, 'e12f70e7d5114458bb57eabf8623a7d1be6506b8');
INSERT INTO `Transactions` (`Transaction_timestamp`, `Transaction_amount`, `Transaction_id`, `Hash`) VALUES ('1990-04-24 07:35:12', '585', 591, '65ca8b7bef005bc0c9605a14854bfe9043784f5f');
INSERT INTO `Transactions` (`Transaction_timestamp`, `Transaction_amount`, `Transaction_id`, `Hash`) VALUES ('1995-06-01 15:42:44', '6299093', 766, 'bb4cf3cda0d97016493be82f04052e15a26ce12b');
INSERT INTO `Transactions` (`Transaction_timestamp`, `Transaction_amount`, `Transaction_id`, `Hash`) VALUES ('2004-03-16 01:10:15', '631164559', 772, '91dd4125fbcace13d1ef7349fdc018e2ce89ffea');
INSERT INTO `Transactions` (`Transaction_timestamp`, `Transaction_amount`, `Transaction_id`, `Hash`) VALUES ('1987-04-08 05:43:34', '0', 670, '40366272fde87919c2a956f0c221ed180cd5ab97');
INSERT INTO `Transactions` (`Transaction_timestamp`, `Transaction_amount`, `Transaction_id`, `Hash`) VALUES ('1985-08-19 14:10:11', '166', 855, '538fea02cb768f4b7577f3f10361d34ae8957fff');
INSERT INTO `Transactions` (`Transaction_timestamp`, `Transaction_amount`, `Transaction_id`, `Hash`) VALUES ('1983-08-06 18:27:29', '3', 575, '00845f46577d2adc4dcca92796cbb2b782c9374e');
INSERT INTO `Transactions` (`Transaction_timestamp`, `Transaction_amount`, `Transaction_id`, `Hash`) VALUES ('1995-08-30 01:44:41', '5', 991, '6924e77d536b5681b8a6fc55ee65a4309e7968ef');
INSERT INTO `Transactions` (`Transaction_timestamp`, `Transaction_amount`, `Transaction_id`, `Hash`) VALUES ('1991-09-04 12:37:25', '15179', 675, '168c4c068c0e6a18e188d3e3cf796d16beabe54c');
INSERT INTO `Transactions` (`Transaction_timestamp`, `Transaction_amount`, `Transaction_id`, `Hash`) VALUES ('1996-07-08 04:03:53', '1116', 680, 'b8a07a5a5f1bbe0505ec8e84e7769e91fe30ac6f');
INSERT INTO `Transactions` (`Transaction_timestamp`, `Transaction_amount`, `Transaction_id`, `Hash`) VALUES ('2008-05-14 17:26:51', '71176', 531, 'e05f685ea0ad5cea962a7bfe339b9194bbb94800');
INSERT INTO `Transactions` (`Transaction_timestamp`, `Transaction_amount`, `Transaction_id`, `Hash`) VALUES ('1981-02-16 08:34:07', '4', 654, '8f70f61df9eccfd1b6c767bcdf68ba6c6f01f81c');
INSERT INTO `Transactions` (`Transaction_timestamp`, `Transaction_amount`, `Transaction_id`, `Hash`) VALUES ('2008-02-17 01:43:11', '122300122', 959, '6d322028404ad7859be9ef99a3d7b891470631ba');
INSERT INTO `Transactions` (`Transaction_timestamp`, `Transaction_amount`, `Transaction_id`, `Hash`) VALUES ('1997-12-22 06:19:44', '1', 847, '7c07286fd965c720d67db33b29185cda21a93821');
INSERT INTO `Transactions` (`Transaction_timestamp`, `Transaction_amount`, `Transaction_id`, `Hash`) VALUES ('2017-09-02 03:45:42', '1126', 910, '9fdc4b06ea15d1883b760ba15db2a0623587770c');
INSERT INTO `Transactions` (`Transaction_timestamp`, `Transaction_amount`, `Transaction_id`, `Hash`) VALUES ('1995-04-06 13:10:27', '2276', 746, 'fc362d029be3cccfa2aaf3af9a450e087cde147a');
INSERT INTO `Transactions` (`Transaction_timestamp`, `Transaction_amount`, `Transaction_id`, `Hash`) VALUES ('1994-02-11 01:23:51', '611082980', 554, '41038a4fb510e9da4d1ac7152ec4b05152f689a2');
INSERT INTO `Transactions` (`Transaction_timestamp`, `Transaction_amount`, `Transaction_id`, `Hash`) VALUES ('1999-02-28 03:05:03', '66875000', 985, '30c030e9d6abc23d618286d11409e13f556b1a4a');
INSERT INTO `Transactions` (`Transaction_timestamp`, `Transaction_amount`, `Transaction_id`, `Hash`) VALUES ('2001-03-29 22:23:20', '2284250', 831, '4aa38f2578a0724d197a8812560c3106b3a0ef24');


#
# TABLE STRUCTURE FOR: Users
#

DROP TABLE IF EXISTS `Users`;

CREATE TABLE `Users` (
  `User_id` int(11) DEFAULT NULL,
  `User_name` text DEFAULT NULL
) ENGINE=InnoDB DEFAULT CHARSET=utf8mb4;

INSERT INTO `Users` (`User_id`, `User_name`) VALUES (360, 'dayne.watsica');
INSERT INTO `Users` (`User_id`, `User_name`) VALUES (385, 'harber.mason');
INSERT INTO `Users` (`User_id`, `User_name`) VALUES (350, 'schulist.ova');
INSERT INTO `Users` (`User_id`, `User_name`) VALUES (318, 'leta.tromp');
INSERT INTO `Users` (`User_id`, `User_name`) VALUES (349, 'caleigh.sauer');
INSERT INTO `Users` (`User_id`, `User_name`) VALUES (370, 'langosh.zora');
INSERT INTO `Users` (`User_id`, `User_name`) VALUES (392, 'cjohnston');
INSERT INTO `Users` (`User_id`, `User_name`) VALUES (368, 'baumbach.davin');
INSERT INTO `Users` (`User_id`, `User_name`) VALUES (334, 'idella.waelchi');
INSERT INTO `Users` (`User_id`, `User_name`) VALUES (344, 'khuel');
INSERT INTO `Users` (`User_id`, `User_name`) VALUES (332, 'friesen.eli');
INSERT INTO `Users` (`User_id`, `User_name`) VALUES (347, 'torphy.pedro');
INSERT INTO `Users` (`User_id`, `User_name`) VALUES (366, 'marcelle.braun');
INSERT INTO `Users` (`User_id`, `User_name`) VALUES (353, 'beatty.hosea');
INSERT INTO `Users` (`User_id`, `User_name`) VALUES (357, 'hector61');
INSERT INTO `Users` (`User_id`, `User_name`) VALUES (323, 'ksauer');
INSERT INTO `Users` (`User_id`, `User_name`) VALUES (386, 'athena.schmitt');
INSERT INTO `Users` (`User_id`, `User_name`) VALUES (335, 'johnpaul00');
INSERT INTO `Users` (`User_id`, `User_name`) VALUES (302, 'stephon.kris');
INSERT INTO `Users` (`User_id`, `User_name`) VALUES (387, 'payton92');
INSERT INTO `Users` (`User_id`, `User_name`) VALUES (337, 'jenifer.christiansen');
INSERT INTO `Users` (`User_id`, `User_name`) VALUES (328, 'moore.marie');
INSERT INTO `Users` (`User_id`, `User_name`) VALUES (341, 'jacklyn.lynch');
INSERT INTO `Users` (`User_id`, `User_name`) VALUES (340, 'kadin.zieme');
INSERT INTO `Users` (`User_id`, `User_name`) VALUES (365, 'hudson.oliver');
INSERT INTO `Users` (`User_id`, `User_name`) VALUES (352, 'zachary86');
INSERT INTO `Users` (`User_id`, `User_name`) VALUES (399, 'myrtice00');
INSERT INTO `Users` (`User_id`, `User_name`) VALUES (325, 'stanton.stephanie');
INSERT INTO `Users` (`User_id`, `User_name`) VALUES (319, 'herta47');
INSERT INTO `Users` (`User_id`, `User_name`) VALUES (330, 'mraz.frances');
INSERT INTO `Users` (`User_id`, `User_name`) VALUES (310, 'constance87');
INSERT INTO `Users` (`User_id`, `User_name`) VALUES (315, 'arlo85');
INSERT INTO `Users` (`User_id`, `User_name`) VALUES (343, 'beth.brekke');
INSERT INTO `Users` (`User_id`, `User_name`) VALUES (367, 'hjacobs');
INSERT INTO `Users` (`User_id`, `User_name`) VALUES (305, 'christop.bernier');
INSERT INTO `Users` (`User_id`, `User_name`) VALUES (390, 'eloy35');
INSERT INTO `Users` (`User_id`, `User_name`) VALUES (391, 'prowe');
INSERT INTO `Users` (`User_id`, `User_name`) VALUES (320, 'uwuckert');
INSERT INTO `Users` (`User_id`, `User_name`) VALUES (317, 'prosacco.anita');
INSERT INTO `Users` (`User_id`, `User_name`) VALUES (312, 'wondricka');
INSERT INTO `Users` (`User_id`, `User_name`) VALUES (381, 'eula.hermann');
INSERT INTO `Users` (`User_id`, `User_name`) VALUES (338, 'conroy.melyna');
INSERT INTO `Users` (`User_id`, `User_name`) VALUES (384, 'gerard88');
INSERT INTO `Users` (`User_id`, `User_name`) VALUES (356, 'rsimonis');
INSERT INTO `Users` (`User_id`, `User_name`) VALUES (311, 'aubrey58');
INSERT INTO `Users` (`User_id`, `User_name`) VALUES (313, 'mohamed96');
INSERT INTO `Users` (`User_id`, `User_name`) VALUES (378, 'jerald02');
INSERT INTO `Users` (`User_id`, `User_name`) VALUES (393, 'denesik.roger');
INSERT INTO `Users` (`User_id`, `User_name`) VALUES (342, 'scotty.stokes');
INSERT INTO `Users` (`User_id`, `User_name`) VALUES (314, 'penelope60');
INSERT INTO `Users` (`User_id`, `User_name`) VALUES (309, 'cary.roob');
INSERT INTO `Users` (`User_id`, `User_name`) VALUES (322, 'upton.araceli');
INSERT INTO `Users` (`User_id`, `User_name`) VALUES (363, 'jaqueline.nienow');
INSERT INTO `Users` (`User_id`, `User_name`) VALUES (361, 'ellen.bechtelar');
INSERT INTO `Users` (`User_id`, `User_name`) VALUES (362, 'oberbrunner.ashton');
INSERT INTO `Users` (`User_id`, `User_name`) VALUES (371, 'deshaun.effertz');
INSERT INTO `Users` (`User_id`, `User_name`) VALUES (388, 'taurean.strosin');
INSERT INTO `Users` (`User_id`, `User_name`) VALUES (301, 'gislason.brielle');
INSERT INTO `Users` (`User_id`, `User_name`) VALUES (400, 'hdicki');
INSERT INTO `Users` (`User_id`, `User_name`) VALUES (304, 'ned16');
INSERT INTO `Users` (`User_id`, `User_name`) VALUES (369, 'magali.hahn');
INSERT INTO `Users` (`User_id`, `User_name`) VALUES (376, 'mann.neoma');
INSERT INTO `Users` (`User_id`, `User_name`) VALUES (345, 'considine.adelia');
INSERT INTO `Users` (`User_id`, `User_name`) VALUES (339, 'botsford.kim');
INSERT INTO `Users` (`User_id`, `User_name`) VALUES (380, 'hcole');
INSERT INTO `Users` (`User_id`, `User_name`) VALUES (398, 'beer.maegan');
INSERT INTO `Users` (`User_id`, `User_name`) VALUES (355, 'mkulas');
INSERT INTO `Users` (`User_id`, `User_name`) VALUES (397, 'zmcclure');
INSERT INTO `Users` (`User_id`, `User_name`) VALUES (333, 'bella26');
INSERT INTO `Users` (`User_id`, `User_name`) VALUES (395, 'earlene44');
INSERT INTO `Users` (`User_id`, `User_name`) VALUES (377, 'uboyle');
INSERT INTO `Users` (`User_id`, `User_name`) VALUES (308, 'durward.kling');
INSERT INTO `Users` (`User_id`, `User_name`) VALUES (321, 'meda59');
INSERT INTO `Users` (`User_id`, `User_name`) VALUES (324, 'qrath');
INSERT INTO `Users` (`User_id`, `User_name`) VALUES (359, 'zemlak.aurelie');
INSERT INTO `Users` (`User_id`, `User_name`) VALUES (394, 'tom.von');
INSERT INTO `Users` (`User_id`, `User_name`) VALUES (389, 'felipe02');
INSERT INTO `Users` (`User_id`, `User_name`) VALUES (358, 'leuschke.alfonso');
INSERT INTO `Users` (`User_id`, `User_name`) VALUES (372, 'spencer10');
INSERT INTO `Users` (`User_id`, `User_name`) VALUES (383, 'tswaniawski');
INSERT INTO `Users` (`User_id`, `User_name`) VALUES (346, 'stehr.glenna');
INSERT INTO `Users` (`User_id`, `User_name`) VALUES (382, 'block.charlene');
INSERT INTO `Users` (`User_id`, `User_name`) VALUES (375, 'jaime.corkery');
INSERT INTO `Users` (`User_id`, `User_name`) VALUES (306, 'luettgen.joey');
INSERT INTO `Users` (`User_id`, `User_name`) VALUES (303, 'blanda.serena');
INSERT INTO `Users` (`User_id`, `User_name`) VALUES (364, 'hipolito75');
INSERT INTO `Users` (`User_id`, `User_name`) VALUES (348, 'joana.kuhlman');
INSERT INTO `Users` (`User_id`, `User_name`) VALUES (307, 'obednar');
INSERT INTO `Users` (`User_id`, `User_name`) VALUES (396, 'jeffry.emmerich');
INSERT INTO `Users` (`User_id`, `User_name`) VALUES (326, 'o\'kon.samanta');
INSERT INTO `Users` (`User_id`, `User_name`) VALUES (329, 'khartmann');
INSERT INTO `Users` (`User_id`, `User_name`) VALUES (316, 'garrick.emmerich');
INSERT INTO `Users` (`User_id`, `User_name`) VALUES (374, 'leichmann');
INSERT INTO `Users` (`User_id`, `User_name`) VALUES (336, 'jnicolas');
INSERT INTO `Users` (`User_id`, `User_name`) VALUES (327, 'alanna85');
INSERT INTO `Users` (`User_id`, `User_name`) VALUES (373, 'dhamill');
INSERT INTO `Users` (`User_id`, `User_name`) VALUES (351, 'ronny.christiansen');
INSERT INTO `Users` (`User_id`, `User_name`) VALUES (354, 'name18');
INSERT INTO `Users` (`User_id`, `User_name`) VALUES (379, 'frances42');
INSERT INTO `Users` (`User_id`, `User_name`) VALUES (331, 'emiller');


#
# TABLE STRUCTURE FOR: sqlite_sequence
#

DROP TABLE IF EXISTS `sqlite_sequence`;

CREATE TABLE `sqlite_sequence` (
  `name` blob DEFAULT NULL,
  `seq` blob DEFAULT NULL
) ENGINE=InnoDB DEFAULT CHARSET=utf8mb4;

